Timestamp,time,use [kW],gen [kW],House overall [kW],Dishwasher [kW],Furnace 1 [kW],Furnace 2 [kW],Home office [kW],Fridge [kW],Wine cellar [kW],Garage door [kW],Kitchen 12 [kW],Kitchen 14 [kW],Kitchen 38 [kW],Barn [kW],Well [kW],Microwave [kW],Living room [kW],Solar [kW],temperature,humidity,visibility,apparentTemperature,pressure,windSpeed,windBearing,precipIntensity,dewPoint,precipProbability
2016-01-01 05:00:00,0.0,0.3282386879115944,0.18739537670807493,0.3282386879115944,0.7925279514907649,0.5065184457825577,0.5956535207152646,0.3925280456312169,0.297207064611857,0.029850373425767754,0.04833715868276389,0.004736889279242134,0.7542359534966178,0.6705837643621428,0.40143082152747733,0.5883718560838173,0.23411637799906634,0.40653129079292954,0.18739537670807493,0.35497686078320356,0.428518221073827,0.9771013215144282,0.32290129929355077,0.44584939417593716,0.4745914325309443,0.8145467722519306,0.0016198978296415917,0.31728106054854005,0.002120813222173468
2016-01-01 06:00:00,0.007194891627023026,0.3028733493858813,0.5047061914877288,0.3028733493858813,0.6463780625581877,0.580246985475077,0.6507063807019894,0.6365266993037267,0.1252015750289993,0.025373702550829616,0.07317853900281324,0.0063102083152604856,0.6340552100546576,0.5125755122991273,0.1362279193886438,0.6008990716773158,0.48447607407660553,0.3626361441256906,0.5047061914877288,0.15645344435446806,0.3746639198296029,0.9799095734756076,0.12244356376794963,0.8393163375832771,0.5318010660190848,0.9742615446348873,0.0,0.12242174471560358,0.0
2016-01-01 07:00:00,0.014389783254046051,0.24048737467637962,0.4619989356006328,0.24048737467637962,0.5252707558822318,0.549160109902613,0.48675875957543846,0.4458577133339733,0.2970532651795509,0.009561848715213525,0.05403009017122118,0.0003667832863400583,0.649933564039165,0.37026690883247104,0.21330541554547508,0.2859047485920251,0.36745878652096275,0.42401978669502416,0.4619989356006328,0.23261335705982422,0.4389468906037224,0.9829977041830382,0.2517850041193373,0.9606402956203581,0.0721357947489965,0.37475125498513673,0.0,0.19447633784888102,0.0
2016-01-01 08:00:00,0.021584674881069077,0.28809597458799974,0.0,0.28809597458799974,0.4416655793156677,0.3707992701106063,0.4275430341845389,0.42571643640133494,0.18772498127197645,0.04557205782086422,0.1712923733160121,0.004555564031170814,0.7133411176866206,0.2871885734591544,0.4163561511391394,0.4402462505908758,0.17184739333692298,0.4888067767268548,0.0,0.45185236147693064,0.7956050606981155,0.6353761326976795,0.4411841323417423,0.429423867067662,0.36251392933326027,0.31946025402700773,0.45732660999563296,0.4849041252855942,0.4851360245721808
2016-01-01 09:00:00,0.028779566507637355,0.28228256835006416,0.2518966725597235,0.28228256835006416,0.610075210484821,0.5789763781584223,0.7226240836333667,0.43729886503303295,0.1914388268344116,0.0,0.04840835119430564,0.0016063280146283963,0.5832726038910032,0.42712816361985206,0.027105572688156748,0.46745056582145444,0.26432356666019385,0.4950628220965078,0.2518966725597235,0.23578680619925851,0.33036535260774924,0.7858832946190271,0.19714646154795956,0.3600303365868527,0.6623957219189949,0.7806724099809194,0.017597980967470013,0.17809526821627653,0.04824850080444639
2016-01-01 10:00:00,0.03597445813466038,0.23145745903588874,0.3949921681686258,0.23145745903588874,0.4216069655645588,0.5861749955487586,0.6055555177470147,0.4419471415803856,0.03078679418003316,0.012747942159114165,0.09865409488077725,0.03922979857151204,0.5980393630549075,0.4394075492557348,0.03254333108679769,0.30590320687580047,0.1715487743973089,0.22409346902667643,0.3949921681686258,0.2903313155279284,0.6439354260507231,0.7752641271163299,0.29497064242931853,0.31421503072991186,0.14282090127485503,0.4558359879783479,0.16561297136995626,0.305140078072997,0.2648091268100044
2016-01-01 11:00:00,0.04316934976168341,0.31612742724736176,0.1169966055450208,0.31612742724736176,0.6502801691653716,0.5207599954693669,0.5441724661611513,0.4368719408165411,0.2366773860714264,0.03998185489159335,0.112649871822051,0.027946643093176276,0.6014609544666306,0.31426935681288715,0.2561653964316081,0.5066236514551468,0.3227698703407623,0.5832101947448437,0.1169966055450208,0.2900749448442764,0.49508246330761096,0.8163292347547211,0.24987935878289416,0.19115801448652547,0.6276802218247217,0.8401439650160099,0.011029523780506385,0.27158678401970177,0.025212081322217344
2016-01-01 12:00:00,0.05036424138870643,0.34078448295449437,0.5044808165132975,0.34078448295449437,0.2694039367390016,0.8139933504630421,0.8724663201456844,0.49632503813687623,0.08301713803695743,0.023370346714064252,0.03072113111827557,0.13807043526695897,0.4538508750170395,0.5217110198602279,0.22165742036234273,0.4858365838791151,0.16073404188269794,0.3040264260500369,0.5044808165132975,0.2015099915612285,0.24147723966153367,0.9721946549919824,0.13149289080163304,0.556176742891374,0.9429527976759142,0.9999999999999999,0.0,0.13046178453855503,0.0
2016-01-01 13:00:00,0.05755913301572946,0.23230399228187007,0.47341024508543444,0.23230399228187007,0.2913091604767741,0.6247662774732742,0.7212119223789454,0.2194004573638433,0.005218417552420362,0.009516558039893527,0.07820548689849516,0.27513497522964164,0.2193992020239363,0.49528665061002086,0.3233191994978408,0.321266194187584,0.06417307073064918,0.1790544756827605,0.47341024508543444,0.20390611611042986,0.2353550519687606,0.8769155469263366,0.1463182681250924,0.6039913589136958,0.7395952938583514,0.35952969790276224,0.01023480901455369,0.1322306241553023,0.025979961971624978
2016-01-01 14:00:00,0.06475402464275248,0.30179955315005225,0.4953291724010452,0.30179955315005225,1.0,0.5482643847722541,0.5502690472850931,0.28185020972372643,0.23481094654841705,0.02032238967569551,0.09810171622940733,0.3601603762355917,0.3107901338205269,0.450902199234019,0.4001972311969234,0.7040707915138938,0.5438989389090236,0.33227593342447875,0.4953291724010452,0.3106417774042364,0.3671683136049908,0.9731451610722468,0.29632334395025367,0.6360569698509977,0.3151592184133803,0.775562388934839,0.0007363171952916325,0.25497099068499535,0.000530203305543367
2016-01-01 15:00:00,0.07194891626932076,0.20278584093682858,0.32683503203282144,0.20278584093682858,0.2784811241941773,0.35783086238159145,0.5533703511248658,0.29213198558070863,0.05509395894611813,0.022027822409353012,0.043694956789212425,0.28468563748930104,0.23388964440744103,0.33161744383464264,0.2636513797052481,0.34338904931377107,0.19369983341241534,0.3205850853137788,0.32683503203282144,0.3534342979812959,0.5025431521119219,0.9718417643988833,0.34999292343554045,0.3816364813593367,0.36711308451901853,0.7663926035721013,0.0,0.32716752002874566,0.0
2016-01-01 16:00:00,0.07914380789634379,0.21763771897079934,0.36544718425670075,0.21763771897079934,0.27964309562475603,0.46961824017977316,0.5239600978757152,0.25549520104280266,0.09216132150514955,0.04366206232301205,0.07280490005003104,0.0026649775611347383,0.5026923028836082,0.39170647925139157,0.4395909038558796,0.33096955108993076,0.18310411836036125,0.24012788074155322,0.36544718425670075,0.3870397762718357,0.3775737048546852,0.9445772478860373,0.3575058171915424,0.32371578813605595,0.4868024679205624,0.7461838624880234,0.002282583305404061,0.329650228256862,0.0031812198332602016
2016-01-01 17:00:00,0.08633869952336681,0.25206142010299404,0.32322955728154484,0.25206142010299404,0.979838580831411,0.37965698839229767,0.2335602674316797,0.21735608159535288,0.23602967238571881,0.04943363372540187,0.10316198745437277,0.13762373087031335,0.6443096373186235,0.18847968571090123,0.19885631721709032,0.5971090768242979,0.2992411597289777,0.366356608323809,0.32322955728154484,0.4344895813867291,0.5555128787085208,0.8687787822164776,0.43592141459195327,0.6343955172851921,0.27969240244014076,0.7404084741182347,0.20972852746717038,0.41058303420754494,0.24221149627029398
2016-01-01 18:00:00,0.09353359115038984,0.1454592027209636,0.209050432675491,0.1454592027209636,0.2325440940154922,0.2323133704725304,0.30285473812759756,0.27729734073250567,0.08494838310735986,0.029676965194056784,0.14984504134747634,0.0019227280846683473,0.30038475459480607,0.2114689856674694,0.3189243167628475,0.27382057168429397,0.16382248934806679,0.19992623830369438,0.209050432675491,0.4543441698563859,0.638476669343669,0.6291593091456802,0.43572840209493213,0.5816235721734415,0.5796556975887579,0.9159589888054508,0.26129358236088684,0.451065783356194,0.4475830042416264
2016-01-01 19:00:00,0.10072848277741286,0.18399827739774974,0.3724874408317857,0.18399827739774974,0.2887409485623993,0.47841640676491703,0.5027217768576221,0.19365200736927438,0.03738595124450195,0.012534184055160782,0.05799822780049202,0.03367551803489438,0.43933525218277164,0.37281359813637627,0.1493015719677754,0.34776297563614184,0.1363147498713951,0.12431823426578041,0.3724874408317857,0.2989520025114875,0.5257748757521794,0.6573445861715568,0.28757194212974224,0.6550703853190214,0.37315517944482407,0.36015411954501164,0.024156282055188244,0.2830625323410875,0.07739139973672662
2016-01-01 20:00:00,0.10792337440443589,0.3238260069494203,0.3188152043110098,0.3238260069494203,0.7378162930485591,0.4606954865891637,0.4772161804124627,0.34783432253471447,0.19664444183997976,0.057823930322113484,0.059704845700348175,0.9999999999999999,0.5473927269104849,0.39415445966754814,0.4332889573085642,0.560908040909659,0.34261443454514096,0.45589531778006537,0.3188152043110098,0.23764121306332986,0.7574054028888346,0.40437881791115804,0.25178762693724105,0.11651145387688899,0.12704613762511285,0.516761114705232,0.07929628388328612,0.2809068210450699,0.2380795670615767
2016-01-01 21:00:00,0.11511826603100417,0.29025932227333795,0.13632965673475328,0.29025932227333795,0.3032520197502124,0.7443911954375746,0.8736424544074326,0.21345192748397843,0.15606291805752703,0.0407609224953447,0.09774777004512791,0.0,0.4777937807326944,0.6836972400994981,0.04212670413995481,0.33096417142517687,0.2138672049479278,0.30020396878397665,0.13632965673475328,0.06015320879404905,0.24993889451447315,0.9277128633353438,0.0,0.5484750015632187,0.7854605741396385,0.8593986717220934,0.0,0.00562668344922769,0.0
2016-01-01 22:00:00,0.1223131576580272,0.33704418160812644,0.7604340270939185,0.33704418160812644,0.4300120323244502,1.0,1.0,0.32871668816081145,0.09045474266196951,0.009114020351874155,0.00013784144223327743,0.03204660783316997,0.5893859485023063,0.8595767362893354,0.3649550617642001,0.44675417623668406,0.15512953829370044,0.13024579054980207,0.7604340270939185,0.0,0.4709661650197283,0.44149452546355783,0.002347489275617037,0.9864223603236155,0.26001125538914166,0.5984989313177139,0.1431476798391274,0.0,0.37010019014187506
2016-01-01 23:00:00,0.12950804928505022,0.3491254227404409,0.019991319720184322,0.3491254227404409,0.505145430951802,0.702683324732145,0.8332688505405577,0.2431664823806384,0.1407148109865114,0.01176173855208855,0.05727316826521678,0.0034276409515629873,0.4574659524427322,0.8110415761835195,0.3106786688892825,0.593988832304,0.21480572340775736,0.313160460154215,0.019991319720184322,0.34305721226748825,0.43995949579245086,0.8757446532342898,0.3045102346557839,0.6181166304604346,0.6904326035505846,0.9829665965130657,0.3206585214750719,0.3035158194408307,0.26614377651016524
2016-01-02 00:00:00,0.13670294091207325,0.2626365565361303,0.5231077399530649,0.2626365565361303,0.2793941584732817,0.6589209866815886,0.7033790933180847,0.21678680190921598,0.10418413195777687,0.024405752431802222,0.09478744459384014,0.004082375306289611,0.3580618714994651,0.8135932009318116,0.16744844148081398,0.4372498610358248,0.13712484902902103,0.31198022959979776,0.5231077399530649,0.444895565941577,0.2913160375711443,0.9819241596201222,0.43069413850973576,0.6022236072702896,0.5638728984750698,0.7101537100881969,0.0258447335547363,0.34805388888870514,0.0593827702208571
2016-01-02 01:00:00,0.14389783253909627,0.2237184704212218,0.6150513337974607,0.2237184704212218,0.7513133397954272,0.4422488201417633,0.4010257445882994,0.24603375960539128,0.22599430199874948,0.04334828741210649,0.09395736274622601,0.03954967141999778,0.5601935567748786,0.5947457259051605,0.5518751540117713,0.5007234808506981,0.18493255775163317,0.33571486959125163,0.6150513337974607,0.3633675191902251,0.4645879162447477,0.740963431881299,0.34675105325473715,0.8017697687036929,0.3221104686885233,0.5173650635067519,0.07531763200389996,0.3234530817256871,0.21795012432353375
2016-01-02 02:00:00,0.1510927241661193,0.28482270677322385,0.24632025584371692,0.28482270677322385,0.5007681580169601,0.5000614405093295,0.6111710505450266,0.21152557758541748,0.13188995250710067,0.03306312655746159,0.10583047092001263,0.005890658734358591,0.4612790445139448,0.7139663205275002,0.1594527004159362,0.739030825456784,0.9453847353444774,0.3296795930816788,0.24632025584371692,0.45031475718930347,0.6598694088480743,0.44809398517589094,0.41048808388255875,0.0,0.9436622143500184,0.6270790169760795,1.0,0.44711191953039675,0.9575106040661109
2016-01-02 03:00:00,0.15828761579268757,0.20119375414350885,0.6216773876795244,0.20119375414350885,0.2829334534076566,0.6260534086113483,0.6098963796858428,0.16653399451701098,0.1397219407575755,0.029578766810348253,0.10552146197971357,0.008794292492690852,0.3625269157115165,0.702486476882378,0.02551099651468139,0.3091564024613106,0.10369859517139476,0.19405936161871754,0.6216773876795244,0.403597804989691,0.25315129718216434,0.9921944927434341,0.3771370711873467,0.36103180702380655,0.5555579151759205,0.6949567204146978,0.004877466662604227,0.308810657205428,0.01616205938277022
2016-01-02 04:00:00,0.1654825074197106,0.22932584419735333,0.47681874765380855,0.22932584419735333,0.540718158851777,0.2852174642976238,0.3502343026267134,0.33080607240689075,0.2135152482696855,0.03193789441814619,0.08283910395144645,0.04987363641261522,0.6507165873947277,0.5118845500848899,0.04259821334230038,0.4712404301291091,0.2873062746242029,0.33411862964393174,0.47681874765380855,0.400345174575342,0.3127320553557502,0.861983272174645,0.36423549717043346,0.32557108019630476,0.6808744191866218,0.7805946131861472,0.2855260351604156,0.3103128154329327,0.41648383794061716
2016-01-02 05:00:00,0.17267739904673363,0.1713151285438402,0.6624733607808811,0.1713151285438402,0.5804780424620068,0.0,0.7615542704038188,0.21916049793133155,0.05957515892560161,0.018577259020298678,0.12491025093326535,0.006573406056916312,0.6322375292029253,0.61128440004738,0.04790875449814186,0.392676769325941,0.22828054447364335,0.49037112600725424,0.6624733607808811,0.25778928359695585,0.2219002060127797,0.9227169601111944,0.2277091498044975,0.7468655891530531,0.4572302387135451,0.4749637630719088,0.0013990026710541017,0.16685064376556763,0.002651016527716835
2016-01-02 06:00:00,0.17987229067375665,0.1837906150381914,0.6381415831707575,0.1837906150381914,0.5497285993890133,0.15865446010387746,0.6255038520140204,0.161625336375093,0.08778990551820254,0.10079232540032994,0.09732010629282928,0.008836204678683974,0.30799549762348644,0.6680025269475263,0.03263802178230518,0.5028467225583864,0.6250249314181048,0.13062402415233407,0.6381415831707575,0.37069535105196433,0.2962044764132825,0.9630451889249145,0.3885144517434627,0.7525627759590634,0.1328620916370048,0.7240998091931244,0.0,0.2819714895555115,0.0
2016-01-02 07:00:00,0.18706718230077968,0.18963545525083417,0.6663272177980476,0.18963545525083417,0.46469197785979116,0.2373127173277085,0.43152622261928275,0.1278642146631069,0.1213401046379109,0.09266581237120779,0.1476082613791354,0.005299335410956459,0.4057078236903487,0.548727642436925,0.023504408766958917,0.5899844269628856,0.15241909378490934,0.5296158515850047,0.6663272177980476,0.6779715368884022,0.3948578279036743,0.8672333647915242,0.6738719285415279,0.5685854961262322,0.25132721471017944,0.6441779335533481,0.0836177041122046,0.5793891210963823,0.2268538832821413
2016-01-02 08:00:00,0.19426207392734796,0.0852817613921269,0.4687904618023377,0.0852817613921269,0.2311797958580179,0.067240387638862,0.047435434446421815,0.38710176198055823,0.16916464696210687,0.123612082096736,0.07835595074508972,0.005465895861936059,0.5646363798373282,0.28065898053460714,0.035172283211575284,0.21247582972157986,0.188930276785136,0.3525839639600207,0.4687904618023377,0.5661571948197163,0.46478578162645356,0.9492432457281308,0.5684748653510857,0.6441625266504047,0.48784535634843257,0.8898233603301859,0.06165767851883449,0.5008709939064772,0.1776912388474477
2016-01-02 09:00:00,0.20145696555437098,0.09289602366033994,0.7028978744305049,0.09289602366033994,0.2382351181835098,0.18106329614291042,0.09564583074962271,0.31705057464706166,0.1386985373034545,0.0844498504612101,0.10989403810696285,0.03166397270758191,0.6015949534232505,0.19424428475539912,0.041744302487720014,0.3651942568772442,0.2877454078402142,0.37469822737241704,0.7028978744305049,0.5267511845425755,0.5217128158571644,0.6072327698801794,0.5046385711533676,0.5764149173711246,0.48171142754895674,0.14701342199438225,0.28296669815057435,0.4576949831243208,0.7046401930671348
2016-01-02 10:00:00,0.208651857181394,0.18900940469556773,0.17980384838801527,0.18900940469556773,0.5900326441248108,0.2829705720339718,0.33182179254356736,0.45013014939020246,0.10398019875394648,0.07154593000988631,0.04918895252003885,0.0018100237587301317,0.49212722924948404,0.4673619062660399,0.04494450993150456,0.3504479924438721,0.36369635620823426,0.24046865691655744,0.17980384838801527,0.5502857653761204,0.6650255479125202,0.7412892810496401,0.5420296649447643,0.26507097026651394,0.3903172085487005,0.6148260217994808,0.16203548541076346,0.5404510669588112,0.283110282287553
2016-01-02 11:00:00,0.21584674880841703,0.133334890609606,0.6349750585696742,0.133334890609606,0.2973820213487179,0.30310252642118435,0.26928963748677837,0.27266261232796907,0.21594442972225425,0.06874758610919891,0.09510251322737706,0.00448824589444902,0.46598117724465166,0.4286976349350491,0.02807417352160793,0.40393967270399855,0.24972815346612917,0.31640757557803234,0.6349750585696742,0.36210534487551493,0.12482977757603264,0.8900590314302481,0.3426663170024473,0.5962892141734812,0.3831455569767484,0.6501150573648997,0.01935244711211318,0.2255528009498559,0.05194164107064502
2016-01-02 12:00:00,0.22304164043544006,0.2347726475067944,0.6343363168217379,0.2347726475067944,0.7445261511195606,0.4500089686888458,0.5499645231027632,0.33708292431479137,0.1456696452874322,0.07638180356992934,0.1609627938828071,0.0023553084383020305,1.0,1.0,0.027836321748756998,0.6342325701836687,0.23992846387161956,0.2606929845596006,0.6343363168217379,0.47720880892458195,0.20932993470442374,0.8904457238042962,0.4463602971007069,0.43413148409245395,0.6354373143413228,0.8230552848591058,0.014325177985639278,0.3495947636705159,0.040862220272049145
2016-01-02 13:00:00,0.23023653206246308,0.18514183483093352,0.7009138798623198,0.18514183483093352,0.5085815765634285,0.48931088653190447,0.4177107665073241,0.32934158672027203,0.10994637058834078,0.058501059581237705,0.0453647148750298,0.007280694780607302,0.4708103011847562,0.6194525605085479,0.02121719323723817,0.43684844735431183,0.3171007169821214,0.2873855374447765,0.7009138798623198,0.48469407361472283,0.6172934343610694,0.6356992777235448,0.46705668417240703,0.5351168180470438,0.44782185835600713,0.3956315052451418,0.07628246143221312,0.472147938966107,0.19935644288430596
2016-01-02 14:00:00,0.23743142368903136,0.13837463516864515,0.450263991303632,0.13837463516864515,0.5791149089750323,0.3177542116326951,0.3063327281998386,0.39618587986965725,0.0974811390742727,0.04845240513853098,0.1286789460607365,0.0035564154528842755,0.348254268382166,0.6048337742330319,0.02232323305310127,0.24767563564224832,0.22037372396758456,0.17861759036080607,0.450263991303632,0.48124023598809085,0.6761525658484351,0.7741892304821754,0.47978757327035165,0.6776471395059431,0.21510047343231692,0.41217970240678714,0.315732813341052,0.4825100169901022,0.40348471551850223
2016-01-02 15:00:00,0.2446263153160544,0.22393559772876961,0.43262238223806065,0.22393559772876961,0.6947347760517675,0.38628888345962487,0.31774030193609903,0.21150335867103945,0.1337666454083032,0.25075703980960545,0.03787175690730371,0.0024899486075804604,0.7615739054657757,0.5809906423974414,0.11091397071509776,0.6726678958461279,0.0991394799489678,0.204096232771022,0.43262238223806065,0.49739499803673826,0.1957005016469382,0.9992550087479013,0.46648719642858283,0.5530392056009674,0.9686944064274527,0.8104726769467624,0.006332327879508039,0.36357283562798703,0.01219467602749744
2016-01-02 16:00:00,0.2518212069430774,0.19708786813641813,0.41817152364277915,0.19708786813641813,0.5411689310983279,0.41590290498170135,0.40794957265729803,0.47677973805211404,0.186619381446389,0.10622370217235048,0.044659852489417284,0.0041392695831456855,0.696880319168198,0.6121875863702764,0.13033629010388506,0.38585644618975135,0.23435870447365612,0.2152668106292923,0.41817152364277915,0.6560814008298694,0.6714037966875006,0.8338439655708578,0.6570624230997357,0.013852766700757968,0.6337194469419749,0.6914538173658824,0.19861013781826678,0.6424988677979172,0.5051740529471991
2016-01-02 17:00:00,0.25901609857010044,0.12659513418655602,0.15976720986968163,0.12659513418655602,0.22010090368685342,0.2059201867947715,0.1921393295886958,0.35487109837494446,0.1321906403865747,0.1619436078631873,0.10817126262067456,0.0029045024122352874,0.5560097246832202,0.4254007580842578,0.20338825010145636,0.2729654859525996,0.35189406906456944,0.21470085186017554,0.15976720986968163,0.2665426108375148,0.4735849715423024,0.4279873337966431,0.21646607097540277,0.4767071894080104,0.7743360482678838,0.5845282648039111,0.17131562109624937,0.23476403490705103,0.43964823753108084
2016-01-02 18:00:00,0.26621099019712346,0.32358507912873025,0.05644857530406856,0.32358507912873025,0.9527124397128348,0.5758863177446966,0.5319901386473649,0.39699483385898326,0.21769859292357985,0.11062650126178573,0.04513447434278328,0.010029277973677229,0.5422199189525149,0.6697151261499583,0.03358959546882265,0.5883886334108607,0.40146886534246273,0.37523416450086583,0.05644857530406856,0.4464541664381102,0.5130765739027201,0.8491751013377398,0.43444147277681466,0.4314655354992496,0.5858280818228334,0.6640570619016812,0.243573728202472,0.4056683827210001,0.3340280824923212
2016-01-02 19:00:00,0.2734058818241465,0.1776737761919828,0.2682946651048218,0.1776737761919828,0.30057741293334944,0.45625959626329854,0.4024645205336118,0.2713674075168654,0.08938930636002274,0.029932925847629507,0.06173157986250666,0.0013963318326133817,0.4206342253517348,0.6508715994788168,0.019288158015789703,0.39809829230896454,0.17634405790470994,0.41364874030952026,0.2682946651048218,0.4244282135743668,0.1533340316817393,0.9858289413552623,0.39688258589131775,0.3808032337510667,0.5499112798686088,0.8473422158164978,0.014652712186303485,0.2861637503807831,0.03923504461020916
2016-01-02 20:00:00,0.28060077345071477,0.1617249565064318,0.33131858099517303,0.1617249565064318,0.22962044831079448,0.34064466473527394,0.3390865698961192,0.41440942074560994,0.0,0.11998193449219575,0.2479028289740426,0.002438912949696087,0.26261406372110657,0.3480574090891142,0.2799914036407227,0.31805974960408084,0.10278690369013407,0.22680588014033676,0.33131858099517303,0.5161638268325662,0.5292200612218769,0.896250165628727,0.5034164725136921,0.714815307873998,0.6251324057920773,0.7373518789973221,0.2077150807917695,0.4801391239340044,0.42416264443469354
2016-01-02 21:00:00,0.2877956650777378,0.2131346231748558,0.42579469143874565,0.2131346231748558,0.5093096896421838,0.2963858551752282,0.2864574521857254,0.2563479370690901,0.23508557611699943,0.13530327708498918,0.10284843502410856,0.0024695349281504547,0.48687580924351087,0.5265872389149917,0.5437609454116066,0.4684163151734208,0.3183820548014179,0.33352272873956434,0.42579469143874565,0.535113718876413,0.06971844920097303,0.9956476826851057,0.5420061940871125,1.0,0.20133974142450978,0.28177589609623876,0.0,0.3363520123810691,0.0
2016-01-02 22:00:00,0.2949905567047608,0.1333115436232212,0.9223312812432387,0.1333115436232212,0.5353260089808446,0.15943388453375176,0.17354274143449935,0.23986081501536036,0.10614851614937237,0.1871509017639857,0.15897645371702374,0.0033944143143543742,0.29780927907643184,0.4904893986654557,0.30143475468410685,0.4841828928475349,0.4287582469010881,0.3504933799891904,0.9223312812432387,0.6126339689838733,0.07334986091227569,1.0,0.6170013006822991,0.9803524207749135,0.19336626534307272,0.337891952535766,0.0,0.3834920987557182,0.0
2016-01-02 23:00:00,0.30218544833178385,0.037173488043279634,1.0,0.037173488043279634,0.00026015443350828896,0.10834294379958778,0.18558525796549016,0.08562185417321502,0.11913207708218321,0.06182436310124588,0.08474768677391586,0.0014536639283398087,0.17350542905995556,0.3933006277885258,0.10090336446307605,0.1997899176759086,0.06466058092760671,0.07757854122263944,1.0,0.6324167364732506,0.003794359672707359,0.9985965500550296,0.6301987823601508,0.6706785995953766,0.4748456975686694,0.7128888816096566,0.0013253709515249382,0.3969207923581602,0.002120813222173468
2016-01-03 00:00:00,0.30938033995880687,0.12864761150115628,0.8948302638625248,0.12864761150115628,0.8576059171673645,0.034262626119589155,0.03565539953751387,0.3888770567845927,0.3349411179935058,0.1787089326560523,0.4628573408279273,0.0022415188813146927,0.5068384965659539,0.41065365025466893,0.09990315375461059,0.5430291080136357,0.7984650348056197,0.33883959184096324,0.8948302638625248,0.7458113725384463,0.3607900648300102,0.8048041795226109,0.7411016783445392,0.41592973368753405,0.3231355643033697,0.7118058683350666,0.13916394991011855,0.6172456095555982,0.22374579493930086
2016-01-03 01:00:00,0.3165752315858299,0.03413768840394482,0.9072765570373327,0.03413768840394482,0.29217053232466167,0.029687282149749104,0.031762297678507884,0.28787458084770134,0.17298884300542283,0.11497694149537359,0.10484689439459771,0.0023446671543695882,0.5436864430748152,0.3306895802898093,0.0344185350589373,0.28403049899055044,0.3995986453784959,0.22714442942166319,0.9072765570373327,0.5864231075442865,0.0,0.9822675857145562,0.5893627181297614,0.5074032164043487,0.2382162073585909,0.6128442508168663,0.04721570539187309,0.3656921078140695,0.08777607137633466
2016-01-03 02:00:00,0.3237701232123982,0.0903907267405353,0.718582951661079,0.0903907267405353,0.23827195239332263,0.05685629548009378,0.018297937420368476,0.19480705283167296,0.3190534385528143,0.6352620694790819,0.23166017501949288,0.002020883174356211,0.4418298593455074,0.32502862557744683,0.2137367319387343,0.3463854365172071,0.11358250462459588,0.2936141060867228,0.718582951661079,0.5329301906269825,0.3318784408207922,0.8195647412270861,0.5385150889537098,0.42841432838952187,0.20832370751714785,0.6641553315371828,0.11654123884098595,0.41340765295509235,0.15028521281263713
2016-01-03 03:00:00,0.3309650148394212,0.15545734229465066,0.39863937646046704,0.15545734229465066,0.8583740991326363,0.1286937786205435,0.20494798978138604,0.266713939832958,0.3295345723025098,0.024174873118159176,0.15071652674145497,0.0009604960464233356,0.560376986798995,0.40244600623840143,0.0939451381910397,0.37810162549459025,0.7265905291519281,0.3587200020767811,0.39863937646046704,0.5981457325941429,0.31890079960892503,0.9826326449487972,0.5992765662955727,0.7273061554628981,0.22672951164754845,0.5045633961986029,0.03788478921016016,0.4974332283615142,0.12461605967529618
2016-01-03 04:00:00,0.3381599064664442,0.10860525872159635,0.8296307761238702,0.10860525872159635,0.7735722663505924,0.12677553570266184,0.07175034905589164,0.2503386828630948,0.1533150348896507,0.07799147408066524,0.23797415418972467,0.0028274117757795467,0.5780318080173902,0.3249940774667348,0.2370659532447181,0.4746714052829183,0.38665421511474074,0.4682897075391249,0.8296307761238702,0.5500484539817334,0.9863123712420128,0.4466905352309203,0.561811226581977,0.488913026377098,0.037388152798938645,0.35416171906349037,0.3938179823893239,0.6150749846722484,0.6033530788357466
2016-01-03 05:00:00,0.34535479809346725,0.17320742288191834,0.19899370398015387,0.17320742288191834,0.2779429524006524,0.18392723794574353,0.21759889856026235,0.22174834063493046,0.11352386450101593,0.0492804002867349,0.167448445144329,0.0031707412503836317,0.5591559351120821,0.43198957634145363,0.4257028112829838,0.46928753937679585,0.2858215329955439,0.2685909982795757,0.19899370398015387,0.5841555944592323,0.788237485014607,0.8674848500417789,0.5735935971231318,0.25051203075613415,0.5214335956434009,0.05031200609271741,0.11248641621725927,0.6064594126169757,0.3248317975720345
2016-01-03 06:00:00,0.3525496897204903,0.14430922816872363,0.0475695040514912,0.14430922816872363,0.749786981543003,0.1761408047475293,0.1895623329012812,0.35463265061506355,0.1803362637015965,0.027274777089902988,0.040676062291068904,0.0020703982579352194,0.7057492494462821,0.5570685434516522,0.0343417325198305,0.298027603423415,0.891101952579792,0.29019469387040286,0.0475695040514912,0.605973754583914,0.7652385441763563,0.7057271033496217,0.6080385266394402,0.25014815307874017,0.4199938987870179,0.4532912138756725,0.15023155906279517,0.6102710463685102,0.3586002632733655
2016-01-03 07:00:00,0.3597445813475133,0.15681376459463384,0.19665826413918297,0.15681376459463384,0.5247340345322665,0.2218612575100202,0.16800762878607214,0.2875035036562513,0.1501201986278199,0.10702671897771217,0.09031489481304633,0.0029998362399637074,0.552967405103685,0.6089400639633591,0.43621553663336454,0.3296027715771644,0.18636144512070937,0.36087500351545243,0.19665826413918297,0.6775372020281564,0.04016667248623673,0.9988236980230019,0.6783556693738968,0.6718488979791033,0.3308857692794455,0.9002767928066625,0.0,0.4421676612670296,0.0
2016-01-03 08:00:00,0.3669394729740816,0.2186360823370002,0.6389594068973111,0.2186360823370002,0.8384460870671044,0.10476559991723675,0.10406574508308317,0.5339059730639151,0.2986890340537307,0.0918562422184145,0.2240379575418152,0.10537343099343328,0.6395164952766278,0.5834929127018595,0.800082169055691,0.4506239666989826,0.6257033128385103,0.3402160968016285,0.6389594068973111,0.7325086859224372,0.49539672009031976,0.7250198078436356,0.7304052216672869,0.4540973554322463,0.14382590822983604,0.5482544855994038,0.1300336166885023,0.6387683404523672,0.2020074594120228
2016-01-03 09:00:00,0.3741343646011046,0.04042274335414986,0.9517555200336745,0.04042274335414986,0.5053519974331053,0.0527748030898648,0.0253404351821776,0.2512354289274631,0.16455649877290768,0.10073718736475341,0.2644873117258646,0.0026790923661972124,0.6810557256826225,0.46003770679511957,0.043264353834165464,0.2692906390418429,0.06946795889464344,0.2464033706182735,0.9517555200336745,0.6142763218856735,0.2113784233620819,0.9783560436232266,0.5948360010810044,0.27906331753975167,1.0,0.8683534922571716,0.06398596427084285,0.4738084163103659,0.12777899663595144
2016-01-03 10:00:00,0.38132925622812763,0.09647175621393164,0.5053663741029369,0.09647175621393164,0.26825326278452744,0.04358728985911622,0.008862313021516799,0.10799940589594478,0.3149504774220324,0.17003134930411185,0.12350910745812715,0.002087550915132772,0.23209210652672718,0.3539059106881981,0.5229474585636187,0.22174818537801333,0.12444099645098347,0.2573454257125014,0.5053663741029369,0.686588504986251,0.2770231735279396,0.9941577001809074,0.6866721541845697,0.6600123847502175,0.2246098710508923,0.6275887907102438,0.007459654895747642,0.5544110662932098,0.02214055872458681
2016-01-03 11:00:00,0.38852414785515066,0.1884693901122851,0.5581575082084858,0.1884693901122851,0.4519506435896265,0.18546559036592225,0.14389336047235993,0.306325580953585,0.1980593399612237,0.030645095650112433,0.03011018229913498,0.002232611556594464,0.595358131226024,0.34054072728708484,0.4007438136513942,0.5671631340931628,0.28430336770299536,0.434061309236328,0.5581575082084858,0.7007218976977929,0.48457231979701354,0.7897556266444568,0.703843272238377,0.6600837886846946,0.07922766564319733,0.6433201215267825,0.030092522064125615,0.6190969514313315,0.07912827263419628
2016-01-03 12:00:00,0.3957190394821737,0.10273753547998649,0.6198833696065755,0.10273753547998649,0.5340238197343138,0.027607139476899127,0.02761316371130934,0.30771805469362745,0.1310121343652052,0.10730052146237855,0.18598998429588098,0.004121463689561445,0.582652445410001,0.30276483594582837,0.46188347152514997,0.26167235447176057,0.4019669315236478,0.26678989507439965,0.6198833696065755,0.769972895521315,0.5298252965070942,0.8659813468252016,0.7640445425766906,0.3877058157899498,0.18024722252753794,0.2159659495712987,0.14277190416704752,0.6943602432854235,0.3255448296036273
2016-01-03 13:00:00,0.4029139311091967,0.03649933255552745,0.5212727886286159,0.03649933255552745,0.3028788221798706,0.044820925649950515,0.00929808599832524,0.08176501878671313,0.19705525342689534,0.11416284229110589,0.02469293402838879,0.003224380029535588,0.14262189866640185,0.3029079638330636,0.024842245058847356,0.13131745131519962,0.07671794827293762,0.087839481571127,0.5212727886286159,0.8596843502781263,0.488052422687012,0.6983204571082444,0.8373545222945743,0.5713260759503882,0.14338740148305962,0.7031233365816907,0.002061688146816571,0.755546578016777,0.0031812198332602016
2016-01-03 14:00:00,0.410108822735765,0.06848630246271065,0.5128067015059304,0.06848630246271065,0.2656288064898537,0.01895772423364838,0.010502627366075296,0.1639762144222062,0.18963832536643843,0.16631885516277545,0.1310626563901207,0.002324902828520988,0.34763245475304766,0.22796324081020214,0.007499121730195235,0.23493349455700496,0.0569875103766504,0.24178818008649336,0.5128067015059304,0.9479948697971626,0.5842848330365353,0.8308829295597926,0.926080618629936,0.6236340971940635,0.20451087987469269,0.467511649046375,0.036226806008348315,0.8819722903343387,0.08112110574813514
2016-01-03 15:00:00,0.417303714362788,0.0,0.6767070940281921,0.0,2.0667009212263504e-06,0.011240372055019703,0.010592649828494644,0.0,0.18300064783210956,0.22642419842534856,0.01108038812806722,0.0035955040315993267,0.0,0.27329036206419977,0.08025656547204699,0.0,0.0038609445112993135,0.0,0.6767070940281921,0.8683286676813028,0.6084826053051202,0.7653669656546866,0.8477040944911172,0.5024614186791894,0.25681256677685765,0.5847125203704765,0.23488518529803074,0.8049569825654653,0.35576641801959924
2016-01-03 16:00:00,0.42449860598981104,0.014630596015398845,0.6025250192324073,0.014630596015398845,0.0,0.011910136964515532,0.011954830597077443,8.379898957081022e-05,0.24978965159327327,0.3364620243620855,0.0045008226335838675,0.00457011530003066,2.8331985147382437e-05,0.22212461009989326,0.16455366642671523,0.0013040190935488735,0.006263754075749556,0.0003634017075602441,0.6025250192324073,0.8309263620341439,0.6410372801657414,0.857261839411795,0.816787258565829,0.6400291666918818,0.28202670471650154,0.4465372237190143,0.014652712186303485,0.7891491677208111,0.04718809419335966
2016-01-03 17:00:00,0.43169349761683407,0.03714512448149121,0.7266038934020426,0.03714512448149121,1.319275395644169e-05,0.01675150785850739,0.012917759516977295,0.10107395329443877,0.421411520754436,0.31197728758930926,0.045254139855980924,0.003997031376302754,0.12490477839762128,0.22137442255300632,0.15596775413018812,0.18948174955435104,0.3412295260457482,0.09293307050665751,0.7266038934020426,0.8606410336270944,0.7189147665770452,0.6021097719596655,0.8423527389465292,0.27096401362725686,0.2428974390689423,0.6252385085944985,0.41778637660847223,0.8277878481225243,0.4930890741553312
2016-01-03 18:00:00,0.4388883892438571,0.07639612233903117,0.6051353293610409,0.07639612233903117,0.470128673808446,0.046943925573657945,0.013447748090919642,0.2987089793849955,0.39971753014218514,0.26114557999846977,0.1722890789899565,0.0037946402678081283,0.3763613745467173,0.22392604730129873,0.022136962574723917,0.31439374003880777,0.08945765439809303,0.24331566845187708,0.6051353293610409,0.772994102776985,0.5163588114110129,0.9567512973123531,0.7666670242217569,0.003597225331859022,0.5637517925541669,0.8753224472414894,0.11530727278266964,0.710148663119951,0.2534371800497294
2016-01-03 19:00:00,0.44608328087042537,0.19602428924774437,0.42835898708679515,0.19602428924774437,0.6006822923785272,0.02345432392981265,0.011161368152191237,0.15213537238079436,0.3392780920947954,0.29801123311713734,0.5770093401769101,0.05545049858908789,0.5423550729744677,0.24194041931535493,1.0,0.9719277901221927,0.1829930691350243,0.3304437348403667,0.42835898708679515,0.7233767296305009,0.3844524366539801,0.9264946471499691,0.7226812919476431,0.38275332764522574,0.5307604734380564,0.8281427857803837,0.21507825274468584,0.6180791541953629,0.15481936521866319
2016-01-03 20:00:00,0.4532781724974484,0.11801438389068958,0.5853512498262549,0.11801438389068958,0.5369717872315489,0.019153305380939963,0.014005455586867527,0.24646362159976862,0.35221588159598893,0.2185766689178677,0.2203318710547253,0.005025280603024526,0.4410212966684929,0.2378736131401269,0.44740090222995377,0.4340947776876166,0.5533635049910751,0.29214467294017865,0.5853512498262549,0.737952979648708,0.49764307412968356,0.8035048390629607,0.7362504739986779,0.21067004725971827,0.8176110393499538,0.9867868285931881,0.005743274123274733,0.6706256731087854,0.01378528594412754
2016-01-03 21:00:00,0.4604730641244714,0.053211671287585305,0.7139319118046515,0.053211671287585305,0.5596004728279437,0.04024881088879761,0.00964369246611968,0.214154863458118,0.2665233132168009,0.11948486970636822,0.05194983401536746,0.0042228757883809795,0.35543815824004055,0.2698454218817863,0.104139487180863,0.3833066862747414,0.23981675680377143,0.23398969541785536,0.7139319118046515,0.8576634458017345,0.346008356902592,0.9959505466424017,0.8379874956820178,0.34249320754945245,0.19786210742095184,0.6823536396616249,0.0013990026710541017,0.7176687109668533,0.0015906099166301008
2016-01-03 22:00:00,0.46766795575149445,0.04939491360683701,0.5278012790800265,0.04939491360683701,0.24939780015329913,0.019571593159662497,0.008347192148318472,0.21092204236411885,0.21184316796813463,0.11569146996018538,0.22057120150551612,0.0041750989637650004,0.28149224567796954,0.34059008173095884,0.03189280105092274,0.22190841763448188,0.06967202307972523,0.13252867247502903,0.5278012790800265,0.8567440287866548,0.2679562833897833,0.9965995408366077,0.8361702191334095,0.7087492007398524,0.18102551460689503,0.4618898069820576,0.0,0.6938825676951054,0.0
2016-01-03 23:00:00,0.47486284737851747,0.049058976618528094,0.8482447516064923,0.049058976618528094,0.15685883958053445,0.021711896896337228,0.00924826550771124,0.35028080793949457,0.2211425105541821,0.19440502097282186,0.10346746254558026,0.0037355702779460175,0.38968469484083723,0.3448246930153589,0.04616429526838703,0.5122273082903064,0.1962416167855919,0.2337803785420376,0.8482447516064923,0.8674877346500669,0.4564172398943165,0.9650246212172426,0.8483418427521805,0.4701039391170525,0.4091884956262682,0.7281309115327605,0.0538984186953475,0.7625172475086501,0.12141655696943103
2016-01-04 00:00:00,0.4820577390055405,0.10650614304307512,0.7906709029481821,0.10650614304307512,0.38860993507697156,0.015496912618410214,0.008778179945666459,0.45265578463518275,0.35272888620307563,0.2681862155707964,0.07142698449517115,0.004401816511910735,0.3248256396790529,0.33338433292533654,0.6233398153379529,0.7039957344469249,0.10309036120259121,0.33795802745687936,0.7906709029481821,0.8420844912238946,0.29519187122455404,0.9848743790612842,0.8253110132426411,0.43619917260186725,0.16982063409567882,0.5557352616019589,0.006479591318566366,0.6878812813798315,0.015375895860757643
2016-01-04 01:00:00,0.4892526306321088,0.06575134807925004,0.8151353297467712,0.06575134807925004,0.2853020749295371,0.015574206748099291,0.008728071409875054,0.3680513550790555,0.27326833879178225,0.20044723814974041,0.14466964800839355,0.05403006306997522,0.385263479292432,0.29618095313301995,0.3160624571374113,0.5580734231810301,0.16898346098968178,0.05949708701846174,0.8151353297467712,0.8694025734069302,0.40159689002176524,0.98736489428155,0.8472353498554944,0.720331564371449,0.20357876605693753,0.6184599510289649,0.0,0.7503410748442788,0.0
2016-01-04 02:00:00,0.4964475222591318,0.0749742621034925,0.7572398653874188,0.0749742621034925,0.3030258413602762,0.023018476493841,0.015688452602203,0.5156844857964371,0.3662017166464323,0.20485092933917087,0.14021325641993165,0.004271085597905028,0.4173105224328521,0.35795791053026393,0.0022588000240614803,0.4424633757944469,0.28029531358893867,0.2727258414488719,0.7572398653874188,0.91188495441111,0.637731764377248,0.859118233221472,0.8866191799880876,0.43897444586310996,0.45140739716112793,0.6836761851727498,0.18290119131044147,0.8593682876230044,0.356826824630686
2016-01-04 03:00:00,0.5036424138861548,0.052014830737694445,0.8073831671193182,0.052014830737694445,0.23337979974404238,0.018922397755932373,0.018221198230652713,0.13734493733455763,0.32024978848288754,0.28075570582567194,0.18289939120851684,0.004267394639678731,0.3452853115622132,0.3498489754017451,0.3090495107743605,0.5149727801892723,0.08109564856670462,0.13407469060811733,0.8073831671193182,0.873961075043085,0.5244596529208423,0.9458116889262662,0.8529904176020403,0.4627364246799388,0.4080882110273541,0.8317521476009926,0.19703848146004083,0.7898098469862266,0.28100775193798455
2016-01-04 04:00:00,0.5108373055131779,0.10558771303266579,0.5219894285544069,0.10558771303266579,0.22374198222676184,0.021455801322346098,0.01614869576063213,0.3731821745878722,0.5362331919771608,0.2900301648812092,0.11189098197096414,0.003876942801622863,0.4108251053261257,0.27569885892525736,0.024685140186625376,0.5293759092516442,0.1002301664061804,0.13330021031797054,0.5219894285544069,0.8642512968839147,0.34050304363513617,0.9311971509154882,0.8431715288946937,0.5341879617807379,0.35411342573925547,0.7758940489546567,0.06907924804241188,0.720378208574747,0.1520769343279216
2016-01-04 05:00:00,0.5180321971402009,0.06106005501467612,0.7663119412913507,0.06106005501467612,0.5104847036581758,0.039140822318541206,0.015253111723888352,0.2591225732593384,0.38902045404294483,0.28045984134882507,0.06786681836471087,0.03042204178696988,0.37169855165476434,0.3596507679551464,0.008092959454296167,0.2563630334032498,0.21875572475414232,0.3117902379657639,0.7663119412913507,0.9651779037447011,0.5953652944120487,0.8245633485937107,0.9406819131519758,0.2815884753242983,0.15672856748053482,0.7020996945452163,0.14342189451875326,0.8960122206195625,0.22436741260786897
2016-01-04 06:00:00,0.5252270887672239,0.0907277723366243,0.7243008933782534,0.0907277723366243,0.4531348073474211,0.037709265716507866,0.012819959074258425,0.28721434298236115,0.5336456227232951,0.24595667824582007,0.26577232490017066,0.0033802988447849576,0.5095859729403021,0.29537647569787184,0.06766350523632492,0.5492801000577227,0.19621588899509848,0.19626864076447179,0.7243008933782534,0.8328944660811282,0.8904640525158003,0.6088282139409364,0.8186620017272264,0.33306042507528844,0.1455013024626114,0.21750653083619267,0.16715035089322894,0.8568168152680752,0.4438441567939154
2016-01-04 07:00:00,0.5324219803937922,0.0967532649708604,0.7257759407008822,0.0967532649708604,0.47785673874992796,0.04087116111676558,0.01238562637518989,0.3005073204098747,0.39644367005638637,0.2787455563334657,0.166936964082824,0.005448524086830563,0.473996096644624,0.2583507719035021,0.3310300628078856,0.9999999999999999,0.07940728275276146,0.17042918131713714,0.7257759407008822,0.8563171704362224,0.6502962161155534,0.8101340443425289,0.8387270630791405,0.5662357217344223,0.14052562839480415,0.8101962935969143,0.05846104628134427,0.8117646678529212,0.13489103407927452
2016-01-04 08:00:00,0.5396168720208152,0.3536751812309359,0.45431015660680635,0.3536751812309359,0.444217396068853,0.08925319922038161,0.21087395223808178,0.21990673102697686,0.45655098071429423,0.34303235781081987,0.11374705434919585,0.0032847511891450597,0.44192181028532046,0.2346260907332094,0.3626477914516324,0.3073395363809053,0.09463731731660249,0.1708523083750256,0.45431015660680635,0.964534187871288,0.6890254547993995,0.7013254354345424,0.9436914285672013,0.43157728063965095,0.4567722172686138,0.6243540818749846,0.18582614789311724,0.9220304797726756,0.20060881965774463
2016-01-04 09:00:00,0.5468117636478382,0.08711651712586263,0.27303501971358174,0.08711651712586263,5.45070525930253e-05,0.030718074083319356,0.0095514934137646,0.3078080716008872,0.40586367278020397,0.22900717146156863,0.046735058744381996,0.24385928246476707,0.4930218935732097,0.15559481975757072,0.00305712973816194,0.39096903074642614,0.165958563973943,0.07095126067401504,0.27303501971358174,0.9445451384401694,0.6062769882561074,0.8620975221942495,0.9202476397413001,0.5604553311912142,0.07041850131135902,0.6891966866754563,0.035964016940373544,0.8810489703067903,0.0969175076788065
2016-01-04 10:00:00,0.5540066552748613,0.2522117610576309,0.7092156436988856,0.2522117610576309,0.47539620976312874,0.1126970434167891,0.07205444115125056,0.4536713268007958,0.5392614829395974,0.3192863732357282,0.11631404929099776,0.0039123404481707195,0.49653837156119107,0.2377699688079915,0.0008705490851447506,0.3215554066231806,0.5431295197506689,0.24459220709333923,0.7092156436988856,0.9037266876225879,0.39719147549379064,0.972134487821894,0.8829348606024404,0.6356831077251357,0.4108087895348413,0.8886789285334076,0.07482252216568662,0.7807069753015197,0.10890193067134707
2016-01-04 11:00:00,0.5612015469018843,0.47795883182296606,0.49856851337240843,0.47795883182296606,0.5448901020845331,0.2275446509990545,0.20862750222550372,0.5364134680062929,0.3942275418284774,0.3521311784103915,0.1161216756991803,0.004500621241830049,0.4189703702102367,0.2584790934575747,0.07996241036712234,0.22970883729398778,0.46412640804823324,0.23239087083110962,0.49856851337240843,0.9541149160477048,0.4717634461166009,0.9714875217345451,0.9284597834756219,0.47757613898352247,0.35054682767057926,0.7721720865100358,0.010347795618658786,0.8455290295732395,0.02553203159280386
2016-01-04 12:00:00,0.5683964385289073,0.6220424703606449,0.610772275494482,0.6220424703606449,0.6432645827161708,0.17766648403366198,0.3763947989326627,0.6603187653567535,0.4546822751155475,0.3227703555430143,1.0,0.003560975221368154,0.47520877836752184,0.3364837920006314,0.11967509832983755,0.6224680916927057,0.49106197560913356,0.19885861893700268,0.610772275494482,0.9613039869863792,0.4741029132767671,0.9461111727054679,0.9335167445234468,0.42082009637513806,0.3037259011414089,0.8094050183027196,0.03386551293379239,0.8525715120287447,0.08232777534006143
2016-01-04 13:00:00,0.5755913301554756,0.08374741303600006,0.6954758208945557,0.08374741303600006,0.25674326651720736,0.037307611513501114,0.01693991767126629,0.45503937797216865,0.3804520976478495,0.27949422431115056,0.05049365734193323,0.848457887095508,0.36540530745423355,0.21897579658072397,0.005180240662649549,0.3491752253354435,0.7767636644234188,0.2786406732635206,0.6954758208945557,0.9828207624149577,0.3865125644517384,0.9800021903554059,0.9481285303171018,0.4006292219593277,0.21803628758121912,0.82979596766929,0.0,0.8426901584318869,0.0
2016-01-04 14:00:00,0.5827862217824986,0.04434660072255925,0.7528200480784706,0.04434660072255925,0.24524822075875602,0.012748394133139898,0.014129790700779798,0.15966213551855743,0.536328757149301,0.3965989681278813,0.07566171781691278,0.04174102561659067,0.14465998776277605,0.2624373198562797,0.0388217508011664,0.17603476519574518,0.04054826452723498,0.09145107255767841,0.7528200480784706,0.9195039440332494,0.7552521619702737,0.6883881417944151,0.8968545587282051,0.4854139310286385,0.07802578982153524,0.3231566254207169,0.6609449742542884,0.8984713830115211,0.7441129150212081
2016-01-04 15:00:00,0.5899811134095216,0.5091440927531525,0.651865882331599,0.5091440927531525,0.4792400319591663,0.20354630677535354,0.29154021168436806,0.18162959137073467,0.5052066631308552,0.39637934281525544,0.04869160973292286,0.0033666229400453225,0.29241205891742555,0.2173174872665533,0.025999616219015365,0.4356937742543178,0.8371364813773817,0.2167707586583399,0.651865882331599,0.8555330666272466,0.8555408126447619,0.7913091564968373,0.8383128596055679,0.6637543341583125,0.07485551231391802,0.07180951250071654,0.60763687882758,0.8696508387588853,0.6533750182828726
2016-01-04 16:00:00,0.5971760050365447,0.7221240603973597,0.6449242685887484,0.7221240603973597,0.2653376209956403,0.23837820203630347,0.448576599927612,0.556206000724883,0.4913564435900073,0.47917872696803865,0.09943621047090412,0.002157700854718305,0.41281916479808367,0.2551476684960714,0.0058847130051317975,0.485509199386024,0.265537835759867,0.22859048135722568,0.6449242685887484,0.8722993529448773,0.5644517383055738,0.8143511545336302,0.8525110135654497,0.6709923533244151,0.17374423634824893,0.5468551669355433,0.0,0.7954125805365856,0.0
2016-01-04 17:00:00,0.6043708966635677,0.5937090325430421,0.407852837917906,0.5937090325430421,0.6681644944092963,0.21545749172147152,0.3151823980505397,0.5406249801898474,0.5056738962587399,0.7779231882042984,0.16893592850096262,0.05456340446197626,0.7350890609399212,0.19423441386662432,0.42413134529717633,0.4786232973895008,0.7108443967668747,0.2139357953740541,0.407852837917906,0.9139749681802843,0.5926708334788227,0.9251696173367985,0.892638345322021,0.3151227078631038,0.3027272077652427,0.7805669748511624,0.05926464763413669,0.8509635995698861,0.15215006581834137
2016-01-04 18:00:00,0.6115657882905907,0.1509825701007648,0.2785233748579557,0.1509825701007648,0.43115220394911297,0.03452574066702412,0.009122378066588777,0.36166742987918654,0.38780410723644154,0.3056860405913676,0.07231715162320906,0.6821969465041127,0.5820980753133937,0.1721038812334661,0.06999674678735943,0.45277756353507825,0.39698429495724175,0.37397742820049457,0.2785233748579557,0.9246224478759429,0.5395381589208188,0.8983059899459986,0.8994379671116793,0.7042811096252066,0.2589517220716688,0.6955995676136038,0.26781252856402915,0.8350860288081284,0.34754826678367706
2016-01-04 19:00:00,0.618760679917159,0.06585409844701995,0.7767199760812185,0.06585409844701995,0.215921405525165,0.028232779809118543,0.008681419730210777,0.30068130744659194,0.4103786348858427,0.4813123277859942,0.08006054927231299,0.005328866659892472,0.5401528468830477,0.22870849291270168,0.002909913358660088,0.2701040980862645,0.7581503008075187,0.29825295592189366,0.7767199760812185,1.0000000000000002,0.8518337465228067,0.6591861071976162,1.0,0.4551639769167579,0.12611574569248907,0.6359816317672975,0.22086469028975353,0.9999999999999999,0.42322107649553903
2016-01-04 20:00:00,0.625955571544182,0.41821622201878605,0.6448055769412006,0.41821622201878605,0.4959073107588521,0.019873056225164824,0.33501207863962124,0.4294368774139574,0.48389283757858703,0.9879468916428271,0.22897401888506308,0.0037690127105278505,0.38401958291904237,0.2624175780787299,0.1803974599588761,0.37126106455328184,0.4818502890041022,0.12138020319947997,0.6448055769412006,0.9779563824291327,0.6992155219572378,0.949678612666744,0.9695249743880151,0.5557065661363794,0.23443839138047257,0.7221886695110267,0.3225754852076415,0.9402030165338419,0.45372604943688755
2016-01-04 21:00:00,0.633150463171205,0.29812773235565804,0.6284719074302191,0.29812773235565804,0.46382221145324876,0.04608927856511532,0.15292819253700082,1.0,0.533458854062937,0.8241601948817919,0.07416312577500195,0.761336469303819,0.5179284752259935,0.22873810557902607,0.005180518470055823,0.4082828593167167,0.6218938240665233,0.5466060269473202,0.6284719074302191,0.9504679287944954,0.6477006878731799,0.9673819574205726,0.9287801707703286,0.5404282420714352,0.38386587892335117,0.7383376462784469,0.08813335973919138,0.902200587970017,0.16843096387304374
2016-01-04 22:00:00,0.6403453547982281,0.7843195111306628,0.4172591645518892,0.7843195111306628,0.47313586826993415,0.24410826687782813,0.4836612807066005,0.458258023403018,0.6251128361639384,0.6389960081056261,0.14572340834362074,0.03120511497402283,0.4744423851546378,0.27244640107395246,0.213237918212031,0.3461386199236888,0.5858204566973795,0.2983523655647975,0.4172591645518892,0.9125083326282944,0.6999778856338092,0.9138054585820021,0.8905598630108934,0.46403571406960253,0.1475265263579001,0.5591327295210174,0.005792785107096066,0.8780948678268627,0.014982814099751354
2016-01-04 23:00:00,0.6475402464252511,1.0,0.6428167791433231,1.0,0.5701131397249463,0.3185075951253007,0.598694617467712,0.07148900444301393,1.0,1.0,0.08557827436596388,0.17132965494496383,0.5642876158946829,0.3159375370158328,0.010516891866498068,0.6829212438604834,0.36550214639585954,0.9999999999999999,0.6428167791433231,0.8372930556317412,0.6128007262823421,0.8943822792135276,0.8248276077274538,0.6112052742092615,0.3819390894614028,0.8531626444358914,0.40175497394960547,0.7829241775955527,0.3319164107064502
2016-01-05 00:00:00,0.6547351380518194,0.7006951841107214,0.46004915640562744,0.7006951841107214,0.46562413842277095,0.2790640789457427,0.3672605298879068,0.5350198606782057,0.49638305088909385,0.9271712469545332,0.11460642262882192,0.8151574023309796,0.4574277580451104,0.2781024203419271,0.0,0.3867578991030241,0.6764818230102831,0.33903463349572277,0.46004915640562744,0.9257871176559368,0.6541895084791136,0.8711097530306682,0.9059646813358632,0.631151680917192,0.3335876940313434,0.6831111347686158,0.009045275890436001,0.8762666309916025,0.019800351031154014
2016-01-05 01:00:00,0.6619300296788424,0.45135186324237864,0.707001297047214,0.45135186324237864,0.6035027686490108,0.2246110067359692,0.20537247994240523,0.5227496130211522,0.4011771802784204,0.37640102473502846,0.06740280023985767,0.005180332054296133,0.6154975079337462,0.2140650294152482,0.01919493937071498,0.2498921222133222,0.1381262579849626,0.2661953062670876,0.707001297047214,0.9158630387077119,0.6101877393298185,0.9447063706892589,0.8920516075065991,0.7348367492249395,0.2164455527007338,0.631401857296111,0.004920630084397185,0.8560923308272994,0.01719504168494954
2016-01-05 02:00:00,0.6691249213058654,0.2906891267873437,0.6285483782034229,0.2906891267873437,0.6627123951360422,0.04187118403911635,0.17326415976434836,0.44566835263778626,0.5855701238094213,0.44087691456331624,0.1821935171522664,0.0817532432788188,0.5603170397752891,0.15715442018399317,0.03573653881423716,0.5742763828801387,0.5223519346760624,0.25541982196726654,0.6285483782034229,0.882023696739746,0.5825564207316365,0.9816605057287262,0.8603279524430658,0.5978466872810202,0.24684313884736436,0.7143639497842162,0.0,0.8149677464287559,0.0
2016-01-05 03:00:00,0.6763198129328885,0.08205788611250117,0.7785460167853486,0.08205788611250117,0.5276872890429353,0.02053248765209264,0.014070367850279403,0.5100463088589027,0.4044865587167451,0.40084853382805763,0.06726647327408308,0.00579489110086057,0.46123620560339,0.20909503691712383,0.03510484147927759,0.27932573266153343,0.39623884634769313,0.2641079033384469,0.7785460167853486,0.8229531098097078,0.6509538275312219,0.9463247999610602,0.8100326618168522,0.5762127070764507,0.16012498590206548,0.39358422117219294,0.04855504097986046,0.783210511125738,0.12557591048705574
2016-01-05 04:00:00,0.6835147045599115,0.16133100654259266,0.6305036222589454,0.16133100654259266,0.2632358305222809,0.11082637363846129,0.009363414363589173,0.22846597865032622,0.566863127819025,0.5725951631602062,0.01624164398043093,0.005025063048662338,0.24873433693421892,0.1488826153906897,0.0018527604432498068,0.1515664439648975,0.08430723739493859,0.16683814851711037,0.6305036222589454,0.8067193214397171,0.5324790204499692,0.9363377257620953,0.7959413372477434,0.7736870450268398,0.5059670494321653,0.0,0.0009242050313315662,0.7344189837183664,0.0008318707035249378
2016-01-05 05:00:00,0.6907095961869345,0.526283106493542,0.749065042292316,0.526283106493542,0.24409608341936181,0.2848710358328047,0.3500044371248391,0.3350561754446456,0.3119741325696417,0.5266334342790404,0.04951058395558383,0.00472451217287214,0.35601822323940996,0.17770067516879196,0.0027914179911342762,0.3486751873870814,0.6511365470117777,0.12233704051599768,0.749065042292316,0.9080450887000729,0.7935914894607587,0.8011779244624844,0.8876915090002837,0.5183472813052816,0.37361980144942547,0.19269037694594351,0.09910829448625373,0.9028890740965423,0.1603499341816586
2016-01-05 06:00:00,0.6979044878135028,0.14750261648323906,0.36195330040131296,0.14750261648323906,0.23073216739889252,0.05917484001068341,0.008684156389853565,0.605784137889892,0.41175540895228924,0.3698529248517643,0.08659568184338551,0.006324543749658473,0.5926317362138855,0.17285900422474043,0.003508056416751615,0.2545074865326747,0.08182152711359278,0.22234914864589098,0.36195330040131296,0.9517849954118248,0.760879686208783,0.7748443089969523,0.9297413326544494,0.4367728245500402,0.3063322612685185,0.649202992310401,0.19715908513858,0.9317383802676047,0.21919335966066988
2016-01-05 07:00:00,0.7050993794405258,0.13575280662397807,0.6617096970225479,0.13575280662397807,0.4765649179952397,0.03312573294053909,0.012808452165290002,0.37599839658632705,0.4627359271428203,0.41629689604158904,0.16035840956219394,0.7521769117146863,0.547506054472439,0.2065137995025068,0.44158901976349374,0.28403946551346443,0.09536231672149212,0.24092693513648503,0.6617096970225479,0.7949691533925691,0.5397127460223241,0.9158213967977544,0.7853854030835662,0.7266322556180143,0.2673080306139696,0.7319224816358618,0.0,0.719240955708225,0.0
2016-01-05 08:00:00,0.7122942710675488,0.1414982657629358,0.5350467921822893,0.1414982657629358,0.7122372941234871,0.025168809072217045,0.010378308253605972,0.3552658776355083,0.3994973392813076,0.5021184352405276,0.08777920513057991,0.006442459569039698,0.4598619042243675,0.09135507561100797,0.3538757753601718,0.4951414695849049,0.3204147782127479,0.22592701970152126,0.5350467921822893,0.7706724721571676,0.5418834456510355,0.9267339637590823,0.7641017065566446,0.7947425323385175,0.24065870141736972,0.584855830255583,0.006367874226866946,0.7022380335634322,0.021884598508117595
2016-01-05 09:00:00,0.7194891626945719,0.22540543605510557,0.45622944500021884,0.22540543605510557,0.21476786720154964,0.052626319832343706,0.09090374848503732,0.34386510868062437,0.5011197335328679,0.48280976669727815,0.09972148729153485,0.8493145778669504,0.5020354140557841,0.3143878074781854,0.12935310651735424,0.3083132283888168,0.4779306338430387,0.22687439327998185,0.45622944500021884,0.8299729327101721,0.8430112783267574,0.8054153157221551,0.8161260394471139,0.6701336907564155,0.3264183383062332,0.5352880119233824,0.39311213349176855,0.8395900056484293,0.4061905806640339
2016-01-05 10:00:00,0.7266840543215949,0.4818561223605593,0.49281350229141124,0.4818561223605593,0.6565152257327852,0.04090515933813454,0.3191312258457861,0.24682654134176993,0.5956278701749957,0.43978767469453883,0.11057264710330283,0.004711485335063846,0.5502382874186156,0.3324416630473406,0.6502205358119438,0.267547036322666,0.422626870779953,0.37870988216074125,0.49281350229141124,0.8505374022281705,0.8564835829928885,0.47635903440480454,0.8347355041141756,0.6842594665682356,0.001555436235293306,0.6263317582894532,0.14222347480779582,0.8552868134464869,0.14196650577738776
2016-01-05 11:00:00,0.7338789459486179,0.11736701244651937,0.7593940660588662,0.11736701244651937,0.4737209163574609,0.044695217524303436,0.013821393561430972,0.30741032584773775,0.483095233257001,0.43028758594059435,0.6724370195674783,0.08249289307381827,0.5270564416082154,0.3308820626209181,0.026169081808383537,0.463697843172062,0.6979690145555452,0.3812022002914868,0.7593940660588662,0.7830584921839869,0.6011674057520631,0.9394995443519929,0.7745598230633592,0.6464825494028474,0.24914443832537486,0.5768437840360977,0.04761433228725512,0.7298180685604057,0.14433413777972798
2016-01-05 12:00:00,0.7410738375751862,0.06814335582783965,0.7286977730757173,0.06814335582783965,0.44303694882363437,0.015820541523085985,0.01705369014378816,0.15482640932310968,0.37855784399204484,0.42978602646653485,0.05407199900759463,0.006007925017744751,0.26959035491270833,0.26413017728116217,0.23962299145310353,0.19054650933752487,0.0773629052774071,0.12322142819413735,0.7286977730757173,0.6316299984535634,0.6161993551916385,0.8026854838927755,0.6414218537962616,0.6887804046626371,0.21324858597358104,0.729573223162153,0.20423915582503077,0.5924554071800546,0.20984167032324122
2016-01-05 13:00:00,0.7482687292022092,0.064378451182109,0.29342383449179527,0.064378451182109,0.002465007884602141,0.020279925972255176,0.01656239929846967,0.14474086792827243,0.22107657216945453,0.40457145855161014,0.0,0.03634722697321145,0.18013052846048178,0.26264460852055094,0.008895455717846057,0.23973022575623254,0.04709634424502912,0.07940899023664881,0.29342383449179527,0.7110439361554098,0.7114017016422827,0.9022648545306557,0.7128927674014132,0.7996418709444484,0.39068253517739576,0.17032994030119644,0.0009800635771812763,0.7013014161993956,0.00118838671932134
2016-01-05 14:00:00,0.7554636208292322,0.11144538053187183,0.46785763643446293,0.11144538053187183,0.4660071993682222,0.020906809291092697,0.022011234356974912,0.4238195217914622,0.5145577252166555,0.3477123217989622,0.07179759334382707,0.004518866205121253,0.5350739438889069,0.2996653768705333,0.015796600873401317,0.30820781507142797,0.7049889908962653,0.26879264063994285,0.46785763643446293,0.6385376737068273,0.9411699663628852,0.5012783833554624,0.6448054570214802,0.9021076263032626,0.489997999743439,0.0018998796196965095,0.15680890283659854,0.6884300352743074,0.42049692847740233
2016-01-05 15:00:00,0.7626585124562553,0.13188023755697464,0.46671099212891404,0.13188023755697464,0.7539509735846026,0.04771863411337355,0.017964301961001516,0.24562605961624148,0.3827943811431854,0.2868331261558099,0.134389550642114,0.0071289025404609775,0.45627273101111915,0.22303273186717698,0.012271322927361689,0.38932033969370977,0.23657130321676548,0.24590182923826537,0.46671099212891404,0.7036025620643288,0.9131603757114424,0.8449201331519758,0.7047672439096571,0.7504211621898023,0.047144353953003426,0.2924494116105575,0.035312757076262156,0.7412941107455812,0.0864962702939886
2016-01-05 16:00:00,0.7698534040832783,0.23780797103726273,0.6357631219115916,0.23780797103726273,0.6975556704824725,0.09898359943665785,0.0167132529985915,0.4724633487796758,0.3480927540287271,0.13543914897301856,0.3524291023313435,0.2767688832402226,0.7313828519794137,0.12088877482528515,0.3599784519687541,0.7855187670600764,0.44311309332948956,0.6617724137512585,0.6357631219115916,0.666444618199049,0.7320960927406683,0.5936228207991823,0.6693405062247033,0.918195598371021,0.03178370367734401,0.46482970691081216,0.0,0.6517943304638635,0.0
2016-01-05 17:00:00,0.7770482957103013,0.08657459460850678,0.32680725592666515,0.08657459460850678,0.2614047413636145,0.019705953179363793,0.024821793398108194,0.32839241634645056,0.22304815054107652,0.16212435871198955,0.12429677772413728,0.6685797659110536,0.42192727453342166,0.2165278161645674,0.01572271489957658,0.23315249342318833,0.45262581807479696,0.2996171340547924,0.32680725592666515,0.639190028241838,0.8427144802541988,0.6498054369488622,0.6364706797372218,0.6503709373884305,0.3501493591860993,0.7087380131517529,0.1769255964169282,0.6666822781804996,0.41893374286967966
2016-01-05 18:00:00,0.7842431873368696,0.1315648221498343,0.16608094161536674,0.1315648221498343,0.47626252715717765,0.023955669739231182,0.0967423610630874,0.5244834361741282,0.16090915794079141,0.14518452775999546,0.09960182168745213,0.006449625768296354,0.5310157194348133,0.20741698582540358,0.2277959011042989,0.3797372533422849,0.24179670521524896,0.274217900073098,0.16608094161536674,0.5787072332017157,0.6235087351746453,0.9505527267220657,0.5900076623271248,0.9721348162760606,0.14660876158290598,0.6416341830927093,0.0,0.5458618707214579,0.0
2016-01-05 19:00:00,0.7914380789638926,0.18442441895454528,0.19838406074377296,0.18442441895454528,0.697515631471395,0.04258768128367305,0.0445382296813541,0.4487103869611482,0.3234749880393749,0.12771887929341053,0.0937740773764335,0.03482776441403228,0.5507798943196975,0.14068484226319722,0.1735793391777026,0.6020902487713866,0.8942176665353568,0.36875858291287306,0.19838406074377296,0.5852724610624919,0.6186959507431591,0.9294577112678915,0.5899161663333278,0.8652658182911068,0.28185595110764566,0.6259417506735564,0.01707748088114317,0.5574125175762686,0.05158512505484862
2016-01-05 20:00:00,0.7986329705909156,0.1110296544129202,0.4718685076583186,0.1110296544129202,0.5478415942760421,0.020032336093392354,0.01224517525113647,0.6871934531737177,0.26249643057438343,0.12649898289770634,0.0806109071271861,0.03221772892561316,0.49570846980374145,0.0715688790618707,0.05831178971965806,0.227003455747733,0.3452839777551735,0.2679262661136892,0.4718685076583186,0.6976678402850155,0.8726387094521457,0.6507234933194157,0.6977188915554577,0.5639491821829026,0.08680797795298278,0.5745999606921458,0.0211297644800585,0.724309408155756,0.0640906099166301
2016-01-05 21:00:00,0.8058278622179387,0.03539313273483169,0.27338709168009406,0.03539313273483169,0.0003902769010607899,0.016183701009099466,0.014005263525381423,0.10360711844628687,0.18201888066120087,0.1208692878885297,0.045602531122017176,0.03580280985306053,0.23362185726162987,0.0,0.049275006259024284,0.16653762407240197,0.01732608968490948,0.1076232258834905,0.27338709168009406,0.7857340367605655,0.6605793963941946,0.8669507819027968,0.7766752602062336,0.540852026439623,0.36982763642854616,0.49344152547230835,0.018664371388237205,0.7536869344889819,0.05410816147433085
2016-01-05 22:00:00,0.8130227538449617,0.15879885780889982,0.43627794439752005,0.15879885780889982,0.47015983910679143,0.07066993066353247,0.12736318917844794,0.32648685945039535,0.23024964625090605,0.10281558166974607,0.09001699558805454,0.005193577983953267,0.5936426281821408,0.09139949461049479,0.05456827037942766,0.7851901045565444,0.89744640758455,0.37091938992663237,0.43627794439752005,0.6424914690311342,0.8462353201345483,0.5021051749174559,0.6249958514082194,0.0019468665976845045,0.542603312390427,0.7537403880012775,0.5616805297421368,0.663579590821855,1.0
2016-01-05 23:00:00,0.8202176454719847,0.08561089897288343,0.42243467492353476,0.08561089897288343,0.5466130642926649,0.024488418189446047,0.096715346311157,0.32490449045422976,0.14587510777764878,0.07996374407849317,0.07359055030721384,0.0051703439806912825,0.6349026187987831,0.10203044182098142,0.011795813819012096,0.34841953268726283,0.8977184192222459,0.26668893465356647,0.42243467492353476,0.5132052982964714,0.35816543873738604,0.991139877177849,0.4944151632231702,0.5643764964066094,0.6814191088498296,0.9255720111699818,0.011216142104140642,0.43153390616936527,0.035953268977621765
2016-01-06 00:00:00,0.827412537098553,0.17595493173960677,0.43322899702594503,0.17595493173960677,0.5063528946222431,0.026133371473934568,0.13537191266056445,0.3278182878206456,0.37299591269526056,0.08740026106019745,0.1718048630489517,0.003657181247036633,0.5948028165853992,0.13329648201524047,0.6283470628316521,0.5313955319163753,0.9516489276388626,0.2843735855701766,0.43322899702594503,0.4177516903110321,0.7076946355203275,0.615818422241031,0.4004330743121316,0.869386773328813,0.4659863115871677,0.644022339963804,0.45754623564181474,0.4288463014138117,0.680506801228609
2016-01-06 01:00:00,0.834607428725576,0.14827870043338257,0.2946346281212601,0.14827870043338257,0.5322951806252832,0.0234396400942481,0.0,0.47190590575876634,0.32803096351163463,0.16480827505957268,0.13821530161237172,0.8969836159123045,0.5302545845786694,0.20249141232676582,0.3611354342458848,0.37335254263823847,0.14314957531587982,0.3316828160041987,0.2946346281212601,0.5597703959962477,0.7325500192045813,0.9558041714101835,0.5565214063805156,0.5098382115936602,0.35102178098596865,0.8848699565156861,0.0730858291947229,0.5687526110256885,0.1813295304958315
2016-01-06 02:00:00,0.841802320352599,0.11333252796551047,0.15791844033711278,0.11333252796551047,0.24152004236948585,0.01975648744250149,1.9604934450412337e-05,0.5839840803864561,0.34195046344959046,0.16229107631622697,0.3207925570950685,0.004873918976408542,0.5468795987536545,0.3424063252655267,0.14316864647897978,0.26747595161730414,0.5001461208533248,0.3054814259882095,0.15791844033711278,0.5436105204797487,0.73675756835085,0.9390743179476639,0.547971793409242,0.8403875983064708,0.17645276165981688,0.5400755857279732,0.0,0.5515081328456809,0.0
2016-01-06 03:00:00,0.8489972119796221,0.16388111556544108,0.300019780865376,0.16388111556544108,0.7263850147695071,0.19704796745267691,0.19729273074209494,0.3207245241266179,0.285963448022588,0.08581810811193809,0.44439709389881044,0.005630286371999364,0.6097759103032309,0.25094760532238314,0.08646643229782339,0.49233490218696774,0.568686771618522,0.3735554950360725,0.300019780865376,0.5708214135298642,0.6477763422838321,0.8713085075026434,0.5749299564709743,0.6008284066635596,0.3412208108184894,0.8817877703438619,0.01743929191676061,0.5561256880407393,0.04429025888547609
2016-01-06 04:00:00,0.8561921036066451,0.21681395058954342,0.449367991525137,0.21681395058954342,0.5338077596419101,0.2705122958824525,0.25080664580171474,0.4282411303709489,0.12799511655786944,0.07089950909017091,0.28656326584882064,0.6408991427075019,0.646840431372706,0.22800272436530156,0.40896410857217314,0.26510051171471966,0.5070649463215247,0.3294929813726692,0.449367991525137,0.4416086133111936,0.6425736466589851,0.9457434093287511,0.43572867110189656,0.8976182552025023,0.3203380749266836,0.684086665629376,0.016932756466896196,0.43530153381837744,0.0432481351469943
2016-01-06 05:00:00,0.8633869952336681,0.12219727011633785,0.06324636687046171,0.12219727011633785,0.2927610643437317,0.17748438030862776,0.4438063666060382,0.08554375969707526,0.14656479751585594,0.018259092350312603,0.1824232546363327,0.0032452247785301064,0.1575796288339624,0.39084277648359445,0.18982439469026033,0.11201922472662106,0.07485014683674915,0.07618410283738762,0.06324636687046171,0.5134350557042594,0.5878405903371859,0.9280596696078725,0.5102706018395301,0.4144164342004686,0.24288882964328568,0.9182181667799497,0.012446299625239937,0.48381117238538446,0.02553203159280386
2016-01-06 06:00:00,0.8705818868602364,0.1309626624686746,0.2778821967376788,0.1309626624686746,0.24596448685716582,0.04869322538603816,0.23232232577891423,0.3233876090171255,0.12190550873537664,0.07886884294992726,0.18291251769108818,0.07819900329137917,0.38371448656851864,0.3628884194732891,0.033627260647328905,0.31349741144795423,0.2527336996604632,0.19087984481706483,0.2778821967376788,0.47685729674817545,0.22668971216406542,0.9997714999607905,0.4551321770763899,0.5322238493175249,0.6283798811497485,0.9049384586407673,0.0006512598641113921,0.3630805035811526,0.0005210618692408952
2016-01-06 07:00:00,0.8777767784872594,0.11581091921547881,0.3516065604998858,0.11581091921547881,0.2530042830110535,0.11635884667650684,0.1232126308802187,0.3329957415119018,0.15710308921179827,0.06713143090958036,0.07159310166821786,0.003544690631743959,0.4403790532898591,0.33669601610929045,0.030404776311433512,0.3252858418967979,0.9999999999999999,0.3737623058497937,0.3516065604998858,0.49677630716508414,0.6028143440762597,0.6962984345719208,0.49827568217055807,0.433284722180197,0.19348048372345034,0.521639792651069,0.36306658338665293,0.46488410361093574,0.4688916922626883
2016-01-06 08:00:00,0.8849716701142825,0.17578025160037405,0.21421591922005917,0.17578025160037405,0.5569779938516743,0.1642393806048026,0.13444987398768884,0.3039924511342219,0.17156448470658947,0.06955159793753128,0.18390720381062975,0.004231563578247728,0.6246206861676734,0.3217811031705293,0.5217656438865602,0.38392635464294994,0.1063267987980642,0.31885098420394037,0.21421591922005917,0.5279758988314333,0.7472560727213471,0.764419839752517,0.5280491039932839,0.4877585619166922,0.31337161466621394,0.9051738963091563,0.0008429562373683516,0.5384865507910316,0.001106113792599093
2016-01-06 09:00:00,0.8921665617413055,0.2153446161802515,0.3809905274587163,0.2153446161802515,0.4816950330945298,0.17770539309098252,0.21035097340713674,0.1514947579984626,0.1672716394555811,0.058711352282297666,0.051956903561544365,0.7596910513684323,0.8171284751513569,0.3226168219686498,0.04080603383953885,0.5842149014962359,0.3473721151888003,0.29339500732234386,0.3809905274587163,0.4325682345798728,0.7512250194955596,0.5367492962469209,0.40333444892763237,0.055475108467412326,0.5902960867577562,0.6760725721258178,0.2901724505651869,0.4546646964568879,0.3022158841597191
2016-01-06 10:00:00,0.8993614533683285,0.1473152758726244,0.26522469473071064,0.1473152758726244,0.5438957963564152,0.1211623930344588,0.18640463099264767,0.19235543348186104,0.16307096049083225,0.08967251298296748,0.08343843958297015,0.0027003738656391496,0.35263824657193715,0.2972470091207009,0.21809775482387875,0.23602720141999306,0.26050242410125213,0.5924578728246199,0.26522469473071064,0.3371848593006078,0.44468498667318457,0.9744167840715194,0.2885114825790922,0.5920731547428133,0.811795085338062,0.9240263116949056,0.0,0.3041351741108057,0.0
2016-01-06 11:00:00,0.9065563449948968,0.20622518234052326,0.5680457713442773,0.20622518234052326,0.5208337371017201,0.27790194913372046,0.2925367010026172,0.3672214941131897,0.08783057876885025,0.11870635109720597,0.12700514886611347,0.6911564987731588,0.6171053311043269,0.3868500019741774,0.09899099524776614,0.5848340572124112,0.6050979054675124,0.5992131133843039,0.5680457713442773,0.42671114453976156,1.0,0.0,0.4445853891490055,0.7894390757022904,0.0,0.48805512107638005,0.05333094665001067,0.5013857698002574,0.13964458095655988
2016-01-06 12:00:00,0.9137512366219198,0.18531023338338184,0.33341131256258255,0.18531023338338184,0.5092079825057834,0.13830641582610362,0.20390043174762693,0.41140803088321176,0.2672662522985637,0.13307343361543195,0.2932382603253789,0.0023883156448935468,0.6249367829006135,0.34650274410707915,0.06813529221274472,0.46980627842683415,0.5907538344756946,0.485937934772798,0.33341131256258255,0.3664213054342527,0.8581188821769847,0.9309334970240917,0.37256566771042493,0.6691494661849902,0.1379163984591424,0.8095749428807743,0.026064359200918114,0.41586097480422873,0.06580919994149481
2016-01-06 13:00:00,0.9209461282489428,0.13173874815138822,0.3282485411353108,0.13173874815138822,0.2884191500238206,0.21543600825801082,0.14786702238794983,0.2274950456142226,0.10991328838143499,0.15220972335641547,0.11600655579659658,0.0037509903440338978,0.5257188639688261,0.3268399336676271,0.037161204967491895,0.31869337910224116,0.11920415948459953,0.31689993148178647,0.3282485411353108,0.5370137983056138,0.9684521107580573,0.14441540495885663,0.5356500639042857,0.25819642536574605,0.2650512131685184,0.603893524849934,0.8412690553812092,0.5962023174318861,0.933066403393301
2016-01-06 14:00:00,0.9281410198759659,0.18568985473611935,0.33835215473136804,0.18568985473611935,0.5425937844001304,0.19560693034612464,0.25984785153951373,0.24878977067170563,0.25687620838865244,0.24911058790895457,0.19735312667229077,0.0036428452784271897,0.5689157687468037,0.40156586844079434,0.09474244012556607,0.547251768571712,0.17115933659157492,0.29091775966246775,0.33835215473136804,0.42255904738263284,0.41183933331005496,0.9978833324770218,0.3828014499609889,0.4963336903529978,0.6932740009981193,0.9650057733410856,0.0,0.3719933555927807,0.0
2016-01-06 15:00:00,0.9353359115029889,0.25160153870772783,0.3805209127549612,0.25160153870772783,0.508685701667966,0.593349387630333,0.5308539184101889,0.37516060641000937,0.12393078927347079,0.016601729444941524,0.12039932698315425,0.987869057869673,0.6350254851345525,0.5446608362616965,0.025595882142520704,0.6169669014017399,0.5174737496601383,0.4578983816511915,0.3805209127549612,0.35466381583086265,0.8715795477030157,0.515325051446311,0.3697189015087155,0.5914290065372896,0.06369195704585351,0.39725193058888075,0.09066984552573049,0.40969086374171537,0.2871050899517332
2016-01-06 16:00:00,0.9425308031300119,0.3521997633239844,0.10952808463894052,0.3521997633239844,0.6838720400340329,0.3824655338531445,0.3656116533905601,0.5340876896002505,0.25981108668442665,0.08019822612653817,0.21188815493410407,0.0759865850845588,0.6585861171960957,0.11698977375922914,0.01920316133231853,0.8325536249006543,0.5598365991594006,0.5621860969195299,0.10952808463894052,0.34465633312290644,0.6376793882467964,0.557705724399207,0.32445652943287584,0.5102070310687736,0.46547634660744136,0.8354853701080146,0.0,0.3467561129270056,0.0
2016-01-06 17:00:00,0.9497256947565802,0.1960925960356983,0.1960529717149293,0.1960925960356983,0.5615444777002009,0.412562171651568,0.4002276249457287,0.3170705689619656,0.026071071424860648,0.036343335351684644,0.1467963554605567,0.006684810711505191,0.38158429549464656,0.18183657756544358,0.6392547726843432,0.18107229313118184,0.008010831515797567,0.15213534840774728,0.1960529717149293,0.23427616383303074,0.6683659811213145,0.5314674299559499,0.2354124332396169,0.8796248671261537,0.2047855205531383,0.7215560587324854,0.1955950458547881,0.25310179658403176,0.32201623519087313
2016-01-06 18:00:00,0.9569205863836032,0.2118610639087006,0.058711477876834325,0.2118610639087006,0.2840505273334288,0.2748503225216828,0.23465263668149258,0.6171819691148084,0.17822969324000493,0.09568426188556393,0.11542590135382302,0.002945982082384061,0.46458241158490593,0.12339598057409074,0.023448883235958312,0.45166029060190754,0.6161985033661802,0.5398602500612759,0.058711477876834325,0.3355292578684649,0.5288068717483152,0.9017233499998647,0.31239492966258087,0.47294375830776403,0.3902339841006866,0.7872728538321062,0.0026050394564455684,0.31880860126088867,0.0020842474769635806
2016-01-06 19:00:00,0.9641154780106262,0.16116830398147577,0.16004827569586982,0.16116830398147577,0.5723384668881661,0.2924232712381503,0.38976111867554664,0.3335001897815987,0.050620689861237134,0.03579075521603191,0.06152204004311734,0.054623775165551544,0.3364642300340401,0.11440853634461234,0.06979775461770085,0.22794128317793655,0.40240518466090125,0.3084433948678301,0.16004827569586982,0.132881364756678,0.4312650581375046,0.5256427070629499,0.10320062132538589,0.6727091741953402,0.5661454998675584,0.6883030471776141,0.232601332480221,0.10741136599754247,0.35221954073424017
2016-01-06 20:00:00,0.9713103696376493,0.2869962891905331,0.2071498701782427,0.2869962891905331,0.5135739469575697,0.40338729502981013,0.4319078860773339,0.5368773286985066,0.2355543955713164,0.0460907041228429,0.13387655607358973,0.6848117615825192,0.39920662144169866,0.16047597425672167,0.032227537926301314,0.6876979936267189,0.5837125270967835,0.4372842887799444,0.2071498701782427,0.2209496143670472,0.566005563508968,0.6151484709426369,0.20548550931777915,0.971477658031624,0.43453349683589243,0.6850140853144218,0.17291520672740016,0.21843134260084215,0.32123921310516307
2016-01-06 21:00:00,0.9785052612646723,0.18198093871935747,0.09667392379906585,0.18198093871935747,0.37796820940992804,0.38870731453364543,0.43620777773119557,0.4169743313033677,0.045142767444384835,0.033440651489988274,0.14504682093144705,0.0034869248214547746,0.5696673414294608,0.15397599399849948,0.028833449216829704,0.3335696481196614,0.04159541142848458,0.343827369425337,0.09667392379906585,0.2915511875176841,0.5734080566127773,0.8915679429317773,0.2911717933285399,0.6898813161721833,0.21740866045085266,0.7398106671689336,0.009987254095447021,0.289560668858964,0.015906099166301008
2016-01-06 22:00:00,0.9857001528916953,0.26480400332771037,0.36492302653387165,0.26480400332771037,0.7490685627503689,0.5695646228986123,0.6231838636697332,0.36953723257039073,0.20196760173418005,0.09609767627064493,0.06018249577955137,0.025131608606180408,0.60348762643547,0.1843240415366998,0.017231072240985218,0.41105446033085147,0.4179417554164029,0.44530716093603356,0.36492302653387165,0.3981571914107376,0.5969074804753425,0.8273702484836525,0.3712607149256867,0.8878130225446839,0.48479905457027056,0.7520698041977512,0.15304606806617715,0.3889969756640742,0.2042562527424309
2016-01-06 23:00:00,0.9928950445182636,0.2631568419087137,0.14088476896604463,0.2631568419087137,0.28237078378232017,0.4865600649757784,0.5329290455748831,0.08210335227136503,0.11351264815483686,0.0951540526180686,0.16849412723165003,0.0017474799480583815,0.4908878671682452,0.13744719074505451,0.01574243636386735,0.3888331089855485,0.0,0.6236940014029222,0.14088476896604463,0.3857817469651568,0.5818406136154661,0.8085534730653889,0.3607071009465784,0.7844308158403734,0.5340584574262464,0.5878796688313284,0.01968252033758874,0.37860856009791827,0.04689556823168056
2016-01-07 00:00:00,1.0,0.20824492671410802,0.1783070596328078,0.20824492671410802,0.30012274808545036,0.48453991768072635,0.6735631668798581,0.08304823551492982,0.053934470896094044,0.06566629464951594,0.09403091242722095,0.001160861006088327,0.1931688555421606,0.42785898903875763,0.016302964887956406,0.2537181823268065,0.4886954485558448,0.3237188472215739,0.1783070596328078,0.34229379376698393,0.7092635319179541,0.6035028213566513,0.3229596738048449,0.264660767437654,0.4751047014697473,0.7237122425697762,0.21674938679295647,0.3656533648873721,0.39825722032830413
