Timestamp,time,use [kW],gen [kW],House overall [kW],Dishwasher [kW],Furnace 1 [kW],Furnace 2 [kW],Home office [kW],Fridge [kW],Wine cellar [kW],Garage door [kW],Kitchen 12 [kW],Kitchen 14 [kW],Kitchen 38 [kW],Barn [kW],Well [kW],Microwave [kW],Living room [kW],Solar [kW],temperature,humidity,visibility,apparentTemperature,pressure,windSpeed,windBearing,precipIntensity,dewPoint,precipProbability,hour,day_of_week,day_of_month,month,Kitchen_Total_kW,Furnace_Total_kW,lag_1h,lag_24h,rolling_mean_3h
2016-01-02 05:00:00,0.1726773990467336,0.1713151285438402,0.6624733607808811,0.1713151285438402,0.5804780424620068,0.0,0.7615542704038188,0.2191604979313315,0.0595751589256016,0.0185772590202986,0.1249102509332653,0.0065734060569163,0.6322375292029253,0.61128440004738,0.0479087544981418,0.392676769325941,0.2282805444736433,0.4903711260072542,0.6624733607808811,0.2577892835969558,0.2219002060127797,0.9227169601111944,0.2277091498044975,0.7468655891530531,0.4572302387135451,0.4749637630719088,0.0013990026710541,0.1668506437655676,0.0026510165277168,0.21739130434782608,0.8333333333333334,0.06451612903225806,0.08333333333333333,1.2500953353072215,0.7615542704038188,0.2293258441973533,0.3282386879115944,0.2006115756282341
2016-01-02 06:00:00,0.1798722906737566,0.1837906150381914,0.6381415831707575,0.1837906150381914,0.5497285993890133,0.1586544601038774,0.6255038520140204,0.161625336375093,0.0877899055182025,0.1007923254003299,0.0973201062928292,0.0088362046786839,0.3079954976234864,0.6680025269475263,0.0326380217823051,0.5028467225583864,0.6250249314181048,0.130624024152334,0.6381415831707575,0.3706953510519643,0.2962044764132825,0.9630451889249144,0.3885144517434627,0.7525627759590634,0.1328620916370048,0.7240998091931244,0.0,0.2819714895555115,0.0,0.2608695652173913,0.8333333333333334,0.06451612903225806,0.08333333333333333,0.9848342292496965,0.7841583121178978,0.1713151285438402,0.3028733493858813,0.19481052925979495
2016-01-02 07:00:00,0.1870671823007796,0.1896354552508341,0.6663272177980476,0.1896354552508341,0.4646919778597911,0.2373127173277085,0.4315262226192827,0.1278642146631069,0.1213401046379109,0.0926658123712077,0.1476082613791354,0.0052993354109564,0.4057078236903487,0.548727642436925,0.0235044087669589,0.5899844269628856,0.1524190937849093,0.5296158515850047,0.6663272177980476,0.6779715368884022,0.3948578279036743,0.8672333647915242,0.6738719285415279,0.5685854961262322,0.2513272147101794,0.6441779335533481,0.0836177041122046,0.5793891210963823,0.2268538832821413,0.30434782608695654,0.8333333333333334,0.06451612903225806,0.08333333333333333,0.9597348015382301,0.6688389399469912,0.1837906150381914,0.2404873746763796,0.18158039961095526
2016-01-02 08:00:00,0.1942620739273479,0.0852817613921269,0.4687904618023377,0.0852817613921269,0.2311797958580179,0.067240387638862,0.0474354344464218,0.3871017619805582,0.1691646469621068,0.123612082096736,0.0783559507450897,0.005465895861936,0.5646363798373282,0.2806589805346071,0.0351722832115752,0.2124758297215798,0.188930276785136,0.3525839639600207,0.4687904618023377,0.5661571948197163,0.4647857816264535,0.9492432457281308,0.5684748653510857,0.6441625266504047,0.4878453563484325,0.8898233603301859,0.0616576785188344,0.5008709939064772,0.1776912388474477,0.34782608695652173,0.8333333333333334,0.06451612903225806,0.08333333333333333,0.8507612562338713,0.1146758220852838,0.1896354552508341,0.2880959745879997,0.15290261056038415
2016-01-02 09:00:00,0.2014569655543709,0.0928960236603399,0.7028978744305049,0.0928960236603399,0.2382351181835098,0.1810632961429104,0.0956458307496227,0.3170505746470616,0.1386985373034545,0.0844498504612101,0.1098940381069628,0.0316639727075819,0.6015949534232505,0.1942442847553991,0.04174430248772,0.3651942568772442,0.2877454078402142,0.374698227372417,0.7028978744305049,0.5267511845425755,0.5217128158571644,0.6072327698801794,0.5046385711533676,0.5764149173711246,0.4817114275489567,0.1470134219943822,0.2829666981505743,0.4576949831243208,0.7046401930671348,0.391304347826087,0.8333333333333334,0.06451612903225806,0.08333333333333333,0.8275032108862316,0.2767091268925331,0.0852817613921269,0.2822825683500641,0.12260441343443362
2016-01-02 10:00:00,0.208651857181394,0.1890094046955677,0.1798038483880152,0.1890094046955677,0.5900326441248108,0.2829705720339718,0.3318217925435673,0.4501301493902024,0.1039801987539464,0.0715459300098863,0.0491889525200388,0.0018100237587301,0.492127229249484,0.4673619062660399,0.0449445099315045,0.3504479924438721,0.3636963562082342,0.2404686569165574,0.1798038483880152,0.5502857653761204,0.6650255479125202,0.7412892810496401,0.5420296649447643,0.2650709702665139,0.3903172085487005,0.6148260217994808,0.1620354854107634,0.5404510669588112,0.283110282287553,0.43478260869565216,0.8333333333333334,0.06451612903225806,0.08333333333333333,0.9612991592742539,0.614792364577539,0.0928960236603399,0.2314574590358887,0.1223957299160115
2016-01-02 11:00:00,0.215846748808417,0.133334890609606,0.6349750585696742,0.133334890609606,0.2973820213487179,0.3031025264211843,0.2692896374867783,0.272662612327969,0.2159444297222542,0.0687475861091989,0.095102513227377,0.004488245894449,0.4659811772446516,0.4286976349350491,0.0280741735216079,0.4039396727039985,0.2497281534661291,0.3164075755780323,0.6349750585696742,0.3621053448755149,0.1248297775760326,0.8900590314302481,0.3426663170024473,0.5962892141734812,0.3831455569767484,0.6501150573648997,0.0193524471121131,0.2255528009498559,0.051941641070645,0.4782608695652174,0.8333333333333334,0.06451612903225806,0.08333333333333333,0.8991670580741498,0.5723921639079625,0.1890094046955677,0.3161274272473617,0.1384134396551712
2016-01-02 12:00:00,0.22304164043544,0.2347726475067944,0.6343363168217379,0.2347726475067944,0.7445261511195606,0.4500089686888458,0.5499645231027632,0.3370829243147913,0.1456696452874322,0.0763818035699293,0.1609627938828071,0.002355308438302,1.0,1.0,0.0278363217487569,0.6342325701836687,0.2399284638716195,0.2606929845596006,0.6343363168217379,0.4772088089245819,0.2093299347044237,0.8904457238042962,0.4463602971007069,0.4341314840924539,0.6354373143413228,0.8230552848591058,0.0143251779856392,0.3495947636705159,0.0408622202720491,0.5217391304347826,0.8333333333333334,0.06451612903225806,0.08333333333333333,2.002355308438302,0.999973491791609,0.133334890609606,0.3407844829544943,0.18570564760398936
2016-01-02 13:00:00,0.230236532062463,0.1851418348309335,0.7009138798623198,0.1851418348309335,0.5085815765634285,0.4893108865319044,0.4177107665073241,0.329341586720272,0.1099463705883407,0.0585010595812377,0.0453647148750298,0.0072806947806073,0.4708103011847562,0.6194525605085479,0.0212171932372381,0.4368484473543118,0.3171007169821214,0.2873855374447765,0.7009138798623198,0.4846940736147228,0.6172934343610694,0.6356992777235448,0.467056684172407,0.5351168180470438,0.4478218583560071,0.3956315052451418,0.0762824614322131,0.472147938966107,0.1993564428843059,0.5652173913043478,0.8333333333333334,0.06451612903225806,0.08333333333333333,1.0975435564739113,0.9070216530392285,0.2347726475067944,0.23230399228187,0.1844164576491113
2016-01-02 14:00:00,0.2374314236890313,0.1383746351686451,0.450263991303632,0.1383746351686451,0.5791149089750323,0.3177542116326951,0.3063327281998386,0.3961858798696572,0.0974811390742727,0.0484524051385309,0.1286789460607365,0.0035564154528842,0.348254268382166,0.6048337742330319,0.0223232330531012,0.2476756356422483,0.2203737239675845,0.178617590360806,0.450263991303632,0.4812402359880908,0.6761525658484351,0.7741892304821754,0.4797875732703516,0.6776471395059431,0.2151004734323169,0.4121797024067871,0.315732813341052,0.4825100169901022,0.4034847155185022,0.6086956521739131,0.8333333333333334,0.06451612903225806,0.08333333333333333,0.9566444580680821,0.6240869398325337,0.1851418348309335,0.3017995531500522,0.18609637250212432
2016-01-02 15:00:00,0.2446263153160544,0.2239355977287696,0.4326223822380606,0.2239355977287696,0.6947347760517675,0.3862888834596248,0.317740301936099,0.2115033586710394,0.1337666454083032,0.2507570398096054,0.0378717569073037,0.0024899486075804,0.7615739054657757,0.5809906423974414,0.1109139707150977,0.6726678958461279,0.0991394799489678,0.204096232771022,0.4326223822380606,0.4973949980367382,0.1957005016469382,0.9992550087479012,0.4664871964285828,0.5530392056009674,0.9686944064274527,0.8104726769467624,0.006332327879508,0.363572835627987,0.0121946760274974,0.6521739130434783,0.8333333333333334,0.06451612903225806,0.08333333333333333,1.3450544964707976,0.7040291853957238,0.1383746351686451,0.2027858409368285,0.18248402257611607
2016-01-02 16:00:00,0.2518212069430774,0.1970878681364181,0.4181715236427791,0.1970878681364181,0.5411689310983279,0.4159029049817013,0.407949572657298,0.476779738052114,0.186619381446389,0.1062237021723504,0.0446598524894172,0.0041392695831456,0.696880319168198,0.6121875863702764,0.130336290103885,0.3858564461897513,0.2343587044736561,0.2152668106292923,0.4181715236427791,0.6560814008298694,0.6714037966875006,0.8338439655708578,0.6570624230997357,0.0138527667007579,0.6337194469419749,0.6914538173658824,0.1986101378182667,0.6424988677979172,0.5051740529471991,0.6956521739130435,0.8333333333333334,0.06451612903225806,0.08333333333333333,1.31320717512162,0.8238524776389993,0.2239355977287696,0.2176377189707993,0.18646603367794426
2016-01-02 17:00:00,0.2590160985701004,0.126595134186556,0.1597672098696816,0.126595134186556,0.2201009036868534,0.2059201867947715,0.1921393295886958,0.3548710983749444,0.1321906403865747,0.1619436078631873,0.1081712626206745,0.0029045024122352,0.5560097246832202,0.4254007580842578,0.2033882501014563,0.2729654859525996,0.3518940690645694,0.2147008518601755,0.1597672098696816,0.2665426108375148,0.4735849715423024,0.4279873337966431,0.2164660709754027,0.4767071894080104,0.7743360482678838,0.5845282648039111,0.1713156210962493,0.234764034907051,0.4396482375310808,0.7391304347826086,0.8333333333333334,0.06451612903225806,0.08333333333333333,0.9843149851797132,0.3980595163834673,0.1970878681364181,0.252061420102994,0.18253953335058123
2016-01-02 18:00:00,0.2662109901971234,0.3235850791287302,0.0564485753040685,0.3235850791287302,0.9527124397128348,0.5758863177446966,0.5319901386473649,0.3969948338589832,0.2176985929235798,0.1106265012617857,0.0451344743427832,0.0100292779736772,0.5422199189525149,0.6697151261499583,0.0335895954688226,0.5883886334108607,0.4014688653424627,0.3752341645008658,0.0564485753040685,0.4464541664381102,0.5130765739027201,0.8491751013377398,0.4344414727768146,0.4314655354992496,0.5858280818228334,0.6640570619016812,0.243573728202472,0.4056683827210001,0.3340280824923212,0.782608695652174,0.8333333333333334,0.06451612903225806,0.08333333333333333,1.2219643230761505,1.1078764563920616,0.126595134186556,0.1454592027209636,0.21575602715056807
2016-01-02 19:00:00,0.2734058818241465,0.1776737761919828,0.2682946651048218,0.1776737761919828,0.3005774129333494,0.4562595962632985,0.4024645205336118,0.2713674075168654,0.0893893063600227,0.0299329258476295,0.0617315798625066,0.0013963318326133,0.4206342253517348,0.6508715994788168,0.0192881580157897,0.3980982923089645,0.1763440579047099,0.4136487403095202,0.2682946651048218,0.4244282135743668,0.1533340316817393,0.9858289413552624,0.3968825858913177,0.3808032337510667,0.5499112798686088,0.8473422158164978,0.0146527121863034,0.2861637503807831,0.0392350446102091,0.8260869565217391,0.8333333333333334,0.06451612903225806,0.08333333333333333,1.072902156663165,0.8587241167969103,0.3235850791287302,0.1839982773977497,0.20928466316908964
2016-01-02 20:00:00,0.2806007734507147,0.1617249565064318,0.331318580995173,0.1617249565064318,0.2296204483107944,0.3406446647352739,0.3390865698961192,0.4144094207456099,0.0,0.1199819344921957,0.2479028289740426,0.002438912949696,0.2626140637211065,0.3480574090891142,0.2799914036407227,0.3180597496040808,0.102786903690134,0.2268058801403367,0.331318580995173,0.5161638268325662,0.5292200612218769,0.896250165628727,0.5034164725136921,0.714815307873998,0.6251324057920773,0.7373518789973221,0.2077150807917695,0.4801391239340044,0.4241626444346935,0.8695652173913043,0.8333333333333334,0.06451612903225806,0.08333333333333333,0.6131103857599167,0.6797312346313931,0.1776737761919828,0.3238260069494203,0.22099460394238157
2016-01-02 21:00:00,0.2877956650777378,0.2131346231748558,0.4257946914387456,0.2131346231748558,0.5093096896421838,0.2963858551752282,0.2864574521857254,0.2563479370690901,0.2350855761169994,0.1353032770849891,0.1028484350241085,0.0024695349281504,0.4868758092435108,0.5265872389149917,0.5437609454116066,0.4684163151734208,0.3183820548014179,0.3335227287395643,0.4257946914387456,0.535113718876413,0.069718449200973,0.9956476826851056,0.5420061940871125,1.0,0.2013397414245097,0.2817758960962387,0.0,0.3363520123810691,0.0,0.9130434782608695,0.8333333333333334,0.06451612903225806,0.08333333333333333,1.015932583086653,0.5828433073609536,0.1617249565064318,0.2902593222733379,0.1841777852910901
2016-01-02 22:00:00,0.2949905567047608,0.1333115436232212,0.9223312812432388,0.1333115436232212,0.5353260089808446,0.1594338845337517,0.1735427414344993,0.2398608150153603,0.1061485161493723,0.1871509017639857,0.1589764537170237,0.0033944143143543,0.2978092790764318,0.4904893986654557,0.3014347546841068,0.4841828928475349,0.4287582469010881,0.3504933799891904,0.9223312812432388,0.6126339689838733,0.0733498609122756,1.0,0.6170013006822991,0.9803524207749136,0.1933662653430727,0.337891952535766,0.0,0.3834920987557182,0.0,0.9565217391304348,0.8333333333333334,0.06451612903225806,0.08333333333333333,0.7916930920562417,0.332976625968251,0.2131346231748558,0.3370441816081264,0.16939037443483626
2016-01-02 23:00:00,0.3021854483317838,0.0371734880432796,1.0,0.0371734880432796,0.0002601544335082,0.1083429437995877,0.1855852579654901,0.085621854173215,0.1191320770821832,0.0618243631012458,0.0847476867739158,0.0014536639283398,0.1735054290599555,0.3933006277885258,0.100903364463076,0.1997899176759086,0.0646605809276067,0.0775785412226394,1.0,0.6324167364732506,0.0037943596727073,0.9985965500550296,0.6301987823601508,0.6706785995953766,0.4748456975686694,0.7128888816096566,0.0013253709515249,0.3969207923581602,0.0021208132221734,1.0,0.8333333333333334,0.06451612903225806,0.08333333333333333,0.5682597207768211,0.29392820176507783,0.1333115436232212,0.3491254227404409,0.1278732182804522
2016-01-03 00:00:00,0.3093803399588068,0.1286476115011562,0.8948302638625248,0.1286476115011562,0.8576059171673645,0.0342626261195891,0.0356553995375138,0.3888770567845927,0.3349411179935058,0.1787089326560523,0.4628573408279273,0.0022415188813146,0.5068384965659539,0.4106536502546689,0.0999031537546105,0.5430291080136357,0.7984650348056197,0.3388395918409632,0.8948302638625248,0.7458113725384463,0.3607900648300102,0.8048041795226109,0.7411016783445392,0.415929733687534,0.3231355643033697,0.7118058683350666,0.1391639499101185,0.6172456095555982,0.2237457949393008,0.0,1.0,0.0967741935483871,0.08333333333333333,0.9197336657019375,0.0699180256571029,0.0371734880432796,0.2626365565361303,0.09971088105588566
2016-01-03 01:00:00,0.3165752315858299,0.0341376884039448,0.9072765570373328,0.0341376884039448,0.2921705323246616,0.0296872821497491,0.0317622976785078,0.2878745808477013,0.1729888430054228,0.1149769414953735,0.1048468943945977,0.0023446671543695,0.5436864430748152,0.3306895802898093,0.0344185350589373,0.2840304989905504,0.3995986453784959,0.2271444294216631,0.9072765570373328,0.5864231075442865,0.0,0.9822675857145562,0.5893627181297614,0.5074032164043487,0.2382162073585909,0.6128442508168663,0.047215705391873,0.3656921078140695,0.0877760713763346,0.043478260869565216,1.0,0.0967741935483871,0.08333333333333333,0.876720690518994,0.0614495798282569,0.1286476115011562,0.2237184704212218,0.06665292931612686
2016-01-03 02:00:00,0.3237701232123982,0.0903907267405353,0.718582951661079,0.0903907267405353,0.2382719523933226,0.0568562954800937,0.0182979374203684,0.1948070528316729,0.3190534385528143,0.6352620694790819,0.2316601750194928,0.0020208831743562,0.4418298593455074,0.3250286255774468,0.2137367319387343,0.3463854365172071,0.1135825046245958,0.2936141060867228,0.718582951661079,0.5329301906269825,0.3318784408207922,0.8195647412270861,0.5385150889537098,0.4284143283895218,0.2083237075171478,0.6641553315371828,0.1165412388409859,0.4134076529550923,0.1502852128126371,0.08695652173913043,1.0,0.0967741935483871,0.08333333333333333,0.7688793680973104,0.07515423290046211,0.0341376884039448,0.2848227067732238,0.08439200888187877
2016-01-03 03:00:00,0.3309650148394212,0.1554573422946506,0.398639376460467,0.1554573422946506,0.8583740991326363,0.1286937786205435,0.204947989781386,0.266713939832958,0.3295345723025098,0.0241748731181591,0.1507165267414549,0.0009604960464233,0.560376986798995,0.4024460062384014,0.0939451381910397,0.3781016254945902,0.7265905291519281,0.3587200020767811,0.398639376460467,0.5981457325941429,0.318900799608925,0.9826326449487972,0.5992765662955727,0.7273061554628981,0.2267295116475484,0.5045633961986029,0.0378847892101601,0.4974332283615142,0.1246160596752961,0.13043478260869565,1.0,0.0967741935483871,0.08333333333333333,0.9637834890838197,0.3336417684019295,0.0903907267405353,0.2011937541435088,0.09332858581304355
2016-01-03 04:00:00,0.3381599064664442,0.1086052587215963,0.8296307761238702,0.1086052587215963,0.7735722663505924,0.1267755357026618,0.0717503490558916,0.2503386828630948,0.1533150348896507,0.0779914740806652,0.2379741541897246,0.0028274117757795,0.5780318080173902,0.3249940774667348,0.2370659532447181,0.4746714052829183,0.3866542151147407,0.4682897075391249,0.8296307761238702,0.5500484539817334,0.9863123712420128,0.4466905352309203,0.561811226581977,0.488913026377098,0.0373881527989386,0.3541617190634903,0.3938179823893239,0.6150749846722484,0.6033530788357466,0.17391304347826086,1.0,0.0967741935483871,0.08333333333333333,0.9058532972599045,0.19852588475855343,0.1554573422946506,0.2293258441973533,0.11815110925226074
2016-01-03 05:00:00,0.3453547980934672,0.1732074228819183,0.1989937039801538,0.1732074228819183,0.2779429524006524,0.1839272379457435,0.2175988985602623,0.2217483406349304,0.1135238645010159,0.0492804002867349,0.167448445144329,0.0031707412503836,0.5591559351120821,0.4319895763414536,0.4257028112829838,0.4692875393767958,0.2858215329955439,0.2685909982795757,0.1989937039801538,0.5841555944592323,0.788237485014607,0.8674848500417789,0.5735935971231318,0.2505120307561341,0.5214335956434009,0.0503120060927174,0.1124864162172592,0.6064594126169757,0.3248317975720345,0.21739130434782608,1.0,0.0967741935483871,0.08333333333333333,0.9943162527039193,0.40152613650600577,0.1086052587215963,0.1713151285438402,0.1457566746327217
2016-01-03 06:00:00,0.3525496897204903,0.1443092281687236,0.0475695040514912,0.1443092281687236,0.749786981543003,0.1761408047475293,0.1895623329012812,0.3546326506150635,0.1803362637015965,0.0272747770899029,0.0406760622910689,0.0020703982579352,0.7057492494462821,0.5570685434516522,0.0343417325198305,0.298027603423415,0.891101952579792,0.2901946938704028,0.0475695040514912,0.605973754583914,0.7652385441763563,0.7057271033496217,0.6080385266394402,0.2501481530787401,0.4199938987870179,0.4532912138756725,0.1502315590627951,0.6102710463685102,0.3586002632733655,0.2608695652173913,1.0,0.0967741935483871,0.08333333333333333,1.2648881911558696,0.36570313764881046,0.1732074228819183,0.1837906150381914,0.14204063659074606
2016-01-03 07:00:00,0.3597445813475133,0.1568137645946338,0.1966582641391829,0.1568137645946338,0.5247340345322665,0.2218612575100202,0.1680076287860721,0.2875035036562513,0.1501201986278199,0.1070267189777121,0.0903148948130463,0.0029998362399637,0.552967405103685,0.6089400639633591,0.4362155366333645,0.3296027715771644,0.1863614451207093,0.3608750035154524,0.1966582641391829,0.6775372020281564,0.0401666724862367,0.998823698023002,0.6783556693738968,0.6718488979791033,0.3308857692794455,0.9002767928066625,0.0,0.4421676612670296,0.0,0.30434782608695654,1.0,0.0967741935483871,0.08333333333333333,1.1649073053070078,0.3898688862960923,0.1443092281687236,0.1896354552508341,0.15811013854842523
2016-01-03 08:00:00,0.3669394729740816,0.2186360823370002,0.6389594068973111,0.2186360823370002,0.8384460870671044,0.1047655999172367,0.1040657450830831,0.5339059730639151,0.2986890340537307,0.0918562422184145,0.2240379575418152,0.1053734309934332,0.6395164952766278,0.5834929127018595,0.800082169055691,0.4506239666989826,0.6257033128385103,0.3402160968016285,0.6389594068973111,0.7325086859224372,0.4953967200903197,0.7250198078436356,0.7304052216672869,0.4540973554322463,0.143825908229836,0.5482544855994038,0.1300336166885023,0.6387683404523672,0.2020074594120228,0.34782608695652173,1.0,0.0967741935483871,0.08333333333333333,1.3283828389719206,0.2088313450003198,0.1568137645946338,0.0852817613921269,0.17325302503345252
2016-01-03 09:00:00,0.3741343646011046,0.0404227433541498,0.9517555200336744,0.0404227433541498,0.5053519974331053,0.0527748030898648,0.0253404351821776,0.2512354289274631,0.1645564987729076,0.1007371873647534,0.2644873117258646,0.0026790923661972,0.6810557256826225,0.4600377067951195,0.0432643538341654,0.2692906390418429,0.0694679588946434,0.2464033706182735,0.9517555200336744,0.6142763218856735,0.2113784233620819,0.9783560436232266,0.5948360010810044,0.2790633175397516,1.0,0.8683534922571716,0.0639859642708428,0.4738084163103659,0.1277789966359514,0.391304347826087,1.0,0.0967741935483871,0.08333333333333333,1.1437725248439392,0.07811523827204239,0.2186360823370002,0.0928960236603399,0.13862419676192791
2016-01-03 10:00:00,0.3813292562281276,0.0964717562139316,0.5053663741029369,0.0964717562139316,0.2682532627845274,0.0435872898591162,0.0088623130215167,0.1079994058959447,0.3149504774220324,0.1700313493041118,0.1235091074581271,0.0020875509151327,0.2320921065267271,0.3539059106881981,0.5229474585636187,0.2217481853780133,0.1244409964509834,0.2573454257125014,0.5053663741029369,0.686588504986251,0.2770231735279396,0.9941577001809074,0.6866721541845697,0.6600123847502175,0.2246098710508923,0.6275887907102438,0.0074596548957476,0.5544110662932098,0.0221405587245868,0.43478260869565216,1.0,0.0967741935483871,0.08333333333333333,0.5880855681300579,0.052449602880632905,0.0404227433541498,0.1890094046955677,0.11851019396836053
2016-01-03 11:00:00,0.3885241478551506,0.1884693901122851,0.5581575082084858,0.1884693901122851,0.4519506435896265,0.1854655903659222,0.1438933604723599,0.306325580953585,0.1980593399612237,0.0306450956501124,0.0301101822991349,0.0022326115565944,0.595358131226024,0.3405407272870848,0.4007438136513942,0.5671631340931628,0.2843033677029953,0.434061309236328,0.5581575082084858,0.7007218976977929,0.4845723197970135,0.7897556266444568,0.703843272238377,0.6600837886846946,0.0792276656431973,0.6433201215267825,0.0300925220641256,0.6190969514313315,0.0791282726341962,0.4782608695652174,1.0,0.0967741935483871,0.08333333333333333,0.9381314700697032,0.3293589508382821,0.0964717562139316,0.133334890609606,0.1084546298934555
2016-01-03 12:00:00,0.3957190394821737,0.1027375354799864,0.6198833696065755,0.1027375354799864,0.5340238197343138,0.0276071394768991,0.0276131637113093,0.3077180546936274,0.1310121343652052,0.1073005214623785,0.1859899842958809,0.0041214636895614,0.582652445410001,0.3027648359458283,0.4618834715251499,0.2616723544717605,0.4019669315236478,0.2667898950743996,0.6198833696065755,0.769972895521315,0.5298252965070942,0.8659813468252016,0.7640445425766906,0.3877058157899498,0.1802472225275379,0.2159659495712987,0.1427719041670475,0.6943602432854235,0.3255448296036273,0.5217391304347826,1.0,0.0967741935483871,0.08333333333333333,0.8895387450453909,0.0552203031882084,0.1884693901122851,0.2347726475067944,0.12922622726873437
2016-01-03 13:00:00,0.4029139311091967,0.0364993325555274,0.5212727886286159,0.0364993325555274,0.3028788221798706,0.0448209256499505,0.0092980859983252,0.0817650187867131,0.1970552534268953,0.1141628422911058,0.0246929340283887,0.0032243800295355,0.1426218986664018,0.3029079638330636,0.0248422450588473,0.1313174513151996,0.0767179482729376,0.087839481571127,0.5212727886286159,0.8596843502781263,0.488052422687012,0.6983204571082444,0.8373545222945743,0.5713260759503882,0.1433874014830596,0.7031233365816907,0.0020616881468165,0.755546578016777,0.0031812198332602,0.5652173913043478,1.0,0.0967741935483871,0.08333333333333333,0.4487542425290009,0.0541190116482757,0.1027375354799864,0.1851418348309335,0.10923541938259966
2016-01-03 14:00:00,0.410108822735765,0.0684863024627106,0.5128067015059304,0.0684863024627106,0.2656288064898537,0.0189577242336483,0.0105026273660752,0.1639762144222062,0.1896383253664384,0.1663188551627754,0.1310626563901207,0.0023249028285209,0.3476324547530476,0.2279632408102021,0.0074991217301952,0.2349334945570049,0.0569875103766504,0.2417881800864933,0.5128067015059304,0.9479948697971626,0.5842848330365353,0.8308829295597926,0.926080618629936,0.6236340971940635,0.2045108798746926,0.467511649046375,0.0362268060083483,0.8819722903343387,0.0811211057481351,0.6086956521739131,1.0,0.0967741935483871,0.08333333333333333,0.5779205983917706,0.029460351599723503,0.0364993325555274,0.1383746351686451,0.06924105683274147
2016-01-03 15:00:00,0.417303714362788,0.0,0.6767070940281921,0.0,2.0667009212263504e-06,0.0112403720550197,0.0105926498284946,0.0,0.1830006478321095,0.2264241984253485,0.0110803881280672,0.0035955040315993,0.0,0.2732903620641997,0.0802565654720469,0.0,0.0038609445112993,0.0,0.6767070940281921,0.8683286676813028,0.6084826053051202,0.7653669656546866,0.8477040944911172,0.5024614186791894,0.2568125667768576,0.5847125203704765,0.2348851852980307,0.8049569825654653,0.3557664180195992,0.6521739130434783,1.0,0.0967741935483871,0.08333333333333333,0.276885866095799,0.0218330218835143,0.0684863024627106,0.2239355977287696,0.034995211672746
2016-01-03 16:00:00,0.424498605989811,0.0146305960153988,0.6025250192324073,0.0146305960153988,0.0,0.0119101369645155,0.0119548305970774,8.379898957081022e-05,0.2497896515932732,0.3364620243620855,0.0045008226335838,0.0045701153000306,2.833198514738244e-05,0.2221246100998932,0.1645536664267152,0.0013040190935488,0.0062637540757495,0.0003634017075602,0.6025250192324073,0.8309263620341439,0.6410372801657414,0.857261839411795,0.816787258565829,0.6400291666918818,0.2820267047165015,0.4465372237190143,0.0146527121863034,0.7891491677208111,0.0471880941933596,0.6956521739130435,1.0,0.0967741935483871,0.08333333333333333,0.22672305738507118,0.023864967561592898,0.0,0.1970878681364181,0.02770563282603647
2016-01-03 17:00:00,0.431693497616834,0.0371451244814912,0.7266038934020426,0.0371451244814912,1.319275395644169e-05,0.0167515078585073,0.0129177595169772,0.1010739532944387,0.421411520754436,0.3119772875893092,0.0452541398559809,0.0039970313763027,0.1249047783976212,0.2213744225530063,0.1559677541301881,0.189481749554351,0.3412295260457482,0.0929330705066575,0.7266038934020426,0.8606410336270944,0.7189147665770452,0.6021097719596655,0.8423527389465292,0.2709640136272568,0.2428974390689423,0.6252385085944985,0.4177863766084722,0.8277878481225243,0.4930890741553312,0.7391304347826086,1.0,0.0967741935483871,0.08333333333333333,0.35027623232693017,0.029669267375484497,0.0146305960153988,0.126595134186556,0.01725857349896333
2016-01-03 18:00:00,0.4388883892438571,0.0763961223390311,0.6051353293610409,0.0763961223390311,0.470128673808446,0.0469439255736579,0.0134477480909196,0.2987089793849955,0.3997175301421851,0.2611455799984697,0.1722890789899565,0.0037946402678081,0.3763613745467173,0.2239260473012987,0.0221369625747239,0.3143937400388077,0.089457654398093,0.243315668451877,0.6051353293610409,0.772994102776985,0.5163588114110129,0.9567512973123532,0.7666670242217569,0.003597225331859,0.5637517925541669,0.8753224472414894,0.1153072727826696,0.710148663119951,0.2534371800497294,0.782608695652174,1.0,0.0967741935483871,0.08333333333333333,0.6040820621158242,0.060391673664577504,0.0371451244814912,0.3235850791287302,0.0427239476119737
2016-01-03 19:00:00,0.4460832808704253,0.1960242892477443,0.4283589870867951,0.1960242892477443,0.6006822923785272,0.0234543239298126,0.0111613681521912,0.1521353723807943,0.3392780920947954,0.2980112331171373,0.5770093401769101,0.0554504985890878,0.5423550729744677,0.2419404193153549,1.0,0.9719277901221928,0.1829930691350243,0.3304437348403667,0.4283589870867951,0.7233767296305009,0.3844524366539801,0.9264946471499692,0.7226812919476431,0.3827533276452257,0.5307604734380564,0.8281427857803837,0.2150782527446858,0.6180791541953629,0.1548193652186631,0.8260869565217391,1.0,0.0967741935483871,0.08333333333333333,0.8397459908789104,0.0346156920820038,0.0763961223390311,0.1776737761919828,0.10318851202275553
2016-01-03 20:00:00,0.4532781724974484,0.1180143838906895,0.5853512498262549,0.1180143838906895,0.5369717872315489,0.0191533053809399,0.0140054555868675,0.2464636215997686,0.3522158815959889,0.2185766689178677,0.2203318710547253,0.0050252806030245,0.4410212966684929,0.2378736131401269,0.4474009022299537,0.4340947776876166,0.5533635049910751,0.2921446729401786,0.5853512498262549,0.737952979648708,0.4976430741296835,0.8035048390629607,0.7362504739986779,0.2106700472597182,0.8176110393499538,0.986786828593188,0.0057432741232747,0.6706256731087854,0.0137852859441275,0.8695652173913043,1.0,0.0967741935483871,0.08333333333333333,0.6839201904116443,0.0331587609678074,0.1960242892477443,0.1617249565064318,0.13014493182582162
2016-01-03 21:00:00,0.4604730641244714,0.0532116712875853,0.7139319118046515,0.0532116712875853,0.5596004728279437,0.0402488108887976,0.0096436924661196,0.214154863458118,0.2665233132168009,0.1194848697063682,0.0519498340153674,0.0042228757883809,0.3554381582400405,0.2698454218817863,0.104139487180863,0.3833066862747414,0.2398167568037714,0.2339896954178553,0.7139319118046515,0.8576634458017345,0.346008356902592,0.9959505466424016,0.8379874956820178,0.3424932075494524,0.1978621074209518,0.6823536396616249,0.0013990026710541,0.7176687109668533,0.0015906099166301,0.9130434782608695,1.0,0.0967741935483871,0.08333333333333333,0.6295064559102077,0.0498925033549172,0.1180143838906895,0.2131346231748558,0.12241678147533969
2016-01-03 22:00:00,0.4676679557514944,0.049394913606837,0.5278012790800265,0.049394913606837,0.2493978001532991,0.0195715931596624,0.0083471921483184,0.2109220423641188,0.2118431679681346,0.1156914699601853,0.2205712015055161,0.004175098963765,0.2814922456779695,0.3405900817309588,0.0318928010509227,0.2219084176344818,0.0696720230797252,0.132528672475029,0.5278012790800265,0.8567440287866548,0.2679562833897833,0.9965995408366076,0.8361702191334095,0.7087492007398524,0.181025514606895,0.4618898069820576,0.0,0.6938825676951054,0.0,0.9565217391304348,1.0,0.0967741935483871,0.08333333333333333,0.6262574263726932,0.027918785307980802,0.0532116712875853,0.1333115436232212,0.0735403229283706
2016-01-03 23:00:00,0.4748628473785174,0.049058976618528,0.8482447516064923,0.049058976618528,0.1568588395805344,0.0217118968963372,0.0092482655077112,0.3502808079394945,0.2211425105541821,0.1944050209728218,0.1034674625455802,0.003735570277946,0.3896846948408372,0.3448246930153589,0.046164295268387,0.5122273082903064,0.1962416167855919,0.2337803785420376,0.8482447516064923,0.8674877346500669,0.4564172398943165,0.9650246212172426,0.8483418427521805,0.4701039391170525,0.4091884956262682,0.7281309115327605,0.0538984186953475,0.7625172475086501,0.121416556969431,1.0,1.0,0.0967741935483871,0.08333333333333333,0.7382449581341421,0.0309601624040484,0.049394913606837,0.0371734880432796,0.05055518717098343
2016-01-04 00:00:00,0.4820577390055405,0.1065061430430751,0.7906709029481821,0.1065061430430751,0.3886099350769715,0.0154969126184102,0.0087781799456664,0.4526557846351827,0.3527288862030756,0.2681862155707964,0.0714269844951711,0.0044018165119107,0.3248256396790529,0.3333843329253365,0.6233398153379529,0.7039957344469249,0.1030903612025912,0.3379580274568793,0.7906709029481821,0.8420844912238946,0.295191871224554,0.9848743790612842,0.8253110132426411,0.4361991726018672,0.1698206340956788,0.5557352616019589,0.0064795913185663,0.6878812813798315,0.0153758958607576,0.0,0.0,0.12903225806451613,0.08333333333333333,0.6626117891163001,0.0242750925640766,0.049058976618528,0.1286476115011562,0.06832001108948003
2016-01-04 01:00:00,0.4892526306321088,0.06575134807925,0.8151353297467712,0.06575134807925,0.2853020749295371,0.0155742067480992,0.008728071409875,0.3680513550790555,0.2732683387917822,0.2004472381497404,0.1446696480083935,0.0540300630699752,0.385263479292432,0.2961809531330199,0.3160624571374113,0.5580734231810301,0.1689834609896817,0.0594970870184617,0.8151353297467712,0.8694025734069302,0.4015968900217652,0.98736489428155,0.8472353498554944,0.720331564371449,0.2035787660569375,0.6184599510289649,0.0,0.7503410748442788,0.0,0.043478260869565216,0.0,0.12903225806451613,0.08333333333333333,0.7354744954954271,0.0243022781579742,0.1065061430430751,0.0341376884039448,0.07377215591361769
2016-01-04 02:00:00,0.4964475222591318,0.0749742621034925,0.7572398653874188,0.0749742621034925,0.3030258413602762,0.023018476493841,0.015688452602203,0.5156844857964371,0.3662017166464323,0.2048509293391708,0.1402132564199316,0.004271085597905,0.4173105224328521,0.3579579105302639,0.0022588000240614,0.4424633757944469,0.2802953135889386,0.2727258414488719,0.7572398653874188,0.91188495441111,0.637731764377248,0.859118233221472,0.8866191799880876,0.4389744458631099,0.4514073971611279,0.6836761851727498,0.1829011913104414,0.8593682876230044,0.356826824630686,0.08695652173913043,0.0,0.12903225806451613,0.08333333333333333,0.779539518561021,0.038706929096044,0.06575134807925,0.0903907267405353,0.08241058440860587
2016-01-04 03:00:00,0.5036424138861548,0.0520148307376944,0.8073831671193182,0.0520148307376944,0.2333797997440423,0.0189223977559323,0.0182211982306527,0.1373449373345576,0.3202497884828875,0.2807557058256719,0.1828993912085168,0.0042673946396787,0.3452853115622132,0.3498489754017451,0.3090495107743605,0.5149727801892723,0.0810956485667046,0.1340746906081173,0.8073831671193182,0.873961075043085,0.5244596529208423,0.9458116889262662,0.8529904176020403,0.4627364246799388,0.4080882110273541,0.8317521476009926,0.1970384814600408,0.7898098469862266,0.2810077519379845,0.13043478260869565,0.0,0.12903225806451613,0.08333333333333333,0.699401681603637,0.037143595986584996,0.0749742621034925,0.1554573422946506,0.06424681364014563
2016-01-04 04:00:00,0.5108373055131779,0.1055877130326657,0.5219894285544069,0.1055877130326657,0.2237419822267618,0.021455801322346,0.0161486957606321,0.3731821745878722,0.5362331919771608,0.2900301648812092,0.1118909819709641,0.0038769428016228,0.4108251053261257,0.2756988589252573,0.0246851401866253,0.5293759092516442,0.1002301664061804,0.1333002103179705,0.5219894285544069,0.8642512968839147,0.3405030436351361,0.9311971509154882,0.8431715288946937,0.5341879617807379,0.3541134257392554,0.7758940489546567,0.0690792480424118,0.720378208574747,0.1520769343279216,0.17391304347826086,0.0,0.12903225806451613,0.08333333333333333,0.6904009070530058,0.0376044970829781,0.0520148307376944,0.1086052587215963,0.07752560195795087
2016-01-04 05:00:00,0.5180321971402009,0.0610600550146761,0.7663119412913507,0.0610600550146761,0.5104847036581758,0.0391408223185412,0.0152531117238883,0.2591225732593384,0.3890204540429448,0.280459841348825,0.0678668183647108,0.0304220417869698,0.3716985516547643,0.3596507679551464,0.0080929594542961,0.2563630334032498,0.2187557247541423,0.3117902379657639,0.7663119412913507,0.9651779037447012,0.5953652944120487,0.8245633485937107,0.9406819131519758,0.2815884753242983,0.1567285674805348,0.7020996945452163,0.1434218945187532,0.8960122206195625,0.2243674126078689,0.21739130434782608,0.0,0.12903225806451613,0.08333333333333333,0.7617713613968804,0.054393934042429495,0.1055877130326657,0.1732074228819183,0.07288753292834539
2016-01-04 06:00:00,0.5252270887672239,0.0907277723366243,0.7243008933782534,0.0907277723366243,0.4531348073474211,0.0377092657165078,0.0128199590742584,0.2872143429823611,0.5336456227232951,0.24595667824582,0.2657723249001706,0.0033802988447849,0.5095859729403021,0.2953764756978718,0.0676635052363249,0.5492801000577227,0.1962158889950984,0.1962686407644717,0.7243008933782534,0.8328944660811282,0.8904640525158003,0.6088282139409364,0.8186620017272264,0.3330604250752884,0.1455013024626114,0.2175065308361926,0.1671503508932289,0.8568168152680752,0.4438441567939154,0.2608695652173913,0.0,0.12903225806451613,0.08333333333333333,0.8083427474829588,0.0505292247907662,0.0610600550146761,0.1443092281687236,0.08579184679465536
2016-01-04 07:00:00,0.5324219803937922,0.0967532649708604,0.7257759407008822,0.0967532649708604,0.4778567387499279,0.0408711611167655,0.0123856263751898,0.3005073204098747,0.3964436700563863,0.2787455563334657,0.166936964082824,0.0054485240868305,0.473996096644624,0.2583507719035021,0.3310300628078856,1.0,0.0794072827527614,0.1704291813171371,0.7257759407008822,0.8563171704362224,0.6502962161155534,0.8101340443425289,0.8387270630791405,0.5662357217344223,0.1405256283948041,0.8101962935969143,0.0584610462813442,0.8117646678529212,0.1348910340792745,0.30434782608695654,0.0,0.12903225806451613,0.08333333333333333,0.7377953926349565,0.0532567874919553,0.0907277723366243,0.1568137645946338,0.0828470307740536
2016-01-04 08:00:00,0.5396168720208152,0.3536751812309359,0.4543101566068063,0.3536751812309359,0.444217396068853,0.0892531992203816,0.2108739522380817,0.2199067310269768,0.4565509807142942,0.3430323578108198,0.1137470543491958,0.003284751189145,0.4419218102853204,0.2346260907332094,0.3626477914516324,0.3073395363809053,0.0946373173166024,0.1708523083750256,0.4543101566068063,0.964534187871288,0.6890254547993995,0.7013254354345424,0.9436914285672012,0.4315772806396509,0.4567722172686138,0.6243540818749846,0.1858261478931172,0.9220304797726756,0.2006088196577446,0.34782608695652173,0.0,0.12903225806451613,0.08333333333333333,0.6798326522076747,0.3001271514584633,0.0967532649708604,0.2186360823370002,0.18038540617947352
2016-01-04 09:00:00,0.5468117636478382,0.0871165171258626,0.2730350197135817,0.0871165171258626,5.45070525930253e-05,0.0307180740833193,0.0095514934137646,0.3078080716008872,0.4058636727802039,0.2290071714615686,0.0467350587443819,0.243859282464767,0.4930218935732097,0.1555948197575707,0.0030571297381619,0.3909690307464261,0.165958563973943,0.070951260674015,0.2730350197135817,0.9445451384401694,0.6062769882561074,0.8620975221942495,0.9202476397413,0.5604553311912142,0.070418501311359,0.6891966866754563,0.0359640169403735,0.8810489703067903,0.0969175076788065,0.391304347826087,0.0,0.12903225806451613,0.08333333333333333,0.8924759957955475,0.0402695674970839,0.3536751812309359,0.0404227433541498,0.17918165444255293
2016-01-04 10:00:00,0.5540066552748613,0.2522117610576309,0.7092156436988856,0.2522117610576309,0.4753962097631287,0.1126970434167891,0.0720544411512505,0.4536713268007958,0.5392614829395974,0.3192863732357282,0.1163140492909977,0.0039123404481707,0.496538371561191,0.2377699688079915,0.0008705490851447,0.3215554066231806,0.5431295197506689,0.2445922070933392,0.7092156436988856,0.903726687622588,0.3971914754937906,0.972134487821894,0.8829348606024404,0.6356831077251357,0.4108087895348413,0.8886789285334076,0.0748225221656866,0.7807069753015197,0.108901930671347,0.43478260869565216,0.0,0.12903225806451613,0.08333333333333333,0.7382206808173533,0.18475148456803958,0.0871165171258626,0.0964717562139316,0.23100115313814315
2016-01-04 11:00:00,0.5612015469018843,0.477958831822966,0.4985685133724084,0.477958831822966,0.5448901020845331,0.2275446509990545,0.2086275022255037,0.5364134680062929,0.3942275418284774,0.3521311784103915,0.1161216756991803,0.00450062124183,0.4189703702102367,0.2584790934575747,0.0799624103671223,0.2297088372939877,0.4641264080482332,0.2323908708311096,0.4985685133724084,0.9541149160477048,0.4717634461166009,0.9714875217345452,0.928459783475622,0.4775761389835224,0.3505468276705792,0.7721720865100358,0.0103477956186587,0.8455290295732395,0.0255320315928038,0.4782608695652174,0.0,0.12903225806451613,0.08333333333333333,0.6819500849096414,0.43617215322455816,0.2522117610576309,0.1884693901122851,0.27242903666881985
2016-01-04 12:00:00,0.5683964385289073,0.6220424703606449,0.610772275494482,0.6220424703606449,0.6432645827161708,0.1776664840336619,0.3763947989326627,0.6603187653567535,0.4546822751155475,0.3227703555430143,1.0,0.0035609752213681,0.4752087783675218,0.3364837920006314,0.1196750983298375,0.6224680916927057,0.4910619756091335,0.1988586189370026,0.610772275494482,0.9613039869863792,0.4741029132767671,0.946111172705468,0.9335167445234468,0.420820096375138,0.3037259011414089,0.8094050183027196,0.0338655129337923,0.8525715120287447,0.0823277753400614,0.5217391304347826,0.0,0.12903225806451613,0.08333333333333333,0.8152535455895213,0.5540612829663246,0.477958831822966,0.1027375354799864,0.45073768774708056
2016-01-04 13:00:00,0.5755913301554756,0.083747413036,0.6954758208945557,0.083747413036,0.2567432665172073,0.0373076115135011,0.0169399176712662,0.4550393779721686,0.3804520976478495,0.2794942243111505,0.0504936573419332,0.848457887095508,0.3654053074542335,0.2189757965807239,0.0051802406626495,0.3491752253354435,0.7767636644234188,0.2786406732635206,0.6954758208945557,0.9828207624149576,0.3865125644517384,0.980002190355406,0.9481285303171018,0.4006292219593277,0.2180362875812191,0.82979596766929,0.0,0.8426901584318869,0.0,0.5652173913043478,0.0,0.12903225806451613,0.08333333333333333,1.4328389911304655,0.0542475291847673,0.6220424703606449,0.0364993325555274,0.39458290507320365
2016-01-04 14:00:00,0.5827862217824986,0.0443466007225592,0.7528200480784706,0.0443466007225592,0.245248220758756,0.0127483941331398,0.0141297907007797,0.1596621355185574,0.536328757149301,0.3965989681278813,0.0756617178169127,0.0417410256165906,0.144659987762776,0.2624373198562797,0.0388217508011664,0.1760347651957451,0.0405482645272349,0.0914510725576784,0.7528200480784706,0.9195039440332494,0.7552521619702737,0.6883881417944151,0.8968545587282051,0.4854139310286385,0.0780257898215352,0.3231566254207169,0.6609449742542884,0.8984713830115211,0.7441129150212081,0.6086956521739131,0.0,0.12903225806451613,0.08333333333333333,0.4488383332356463,0.0268781848339195,0.083747413036,0.0684863024627106,0.25004549470640136
2016-01-04 15:00:00,0.5899811134095216,0.5091440927531525,0.651865882331599,0.5091440927531525,0.4792400319591663,0.2035463067753535,0.291540211684368,0.1816295913707346,0.5052066631308552,0.3963793428152554,0.0486916097329228,0.0033666229400453,0.2924120589174255,0.2173174872665533,0.0259996162190153,0.4356937742543178,0.8371364813773817,0.2167707586583399,0.651865882331599,0.8555330666272466,0.8555408126447619,0.7913091564968373,0.8383128596055679,0.6637543341583125,0.074855512313918,0.0718095125007165,0.60763687882758,0.8696508387588853,0.6533750182828726,0.6521739130434783,0.0,0.12903225806451613,0.08333333333333333,0.5130961691240241,0.4950865184597215,0.0443466007225592,0.0,0.2124127021705706
2016-01-04 16:00:00,0.5971760050365447,0.7221240603973597,0.6449242685887484,0.7221240603973597,0.2653376209956403,0.2383782020363034,0.448576599927612,0.556206000724883,0.4913564435900073,0.4791787269680386,0.0994362104709041,0.0021577008547183,0.4128191647980836,0.2551476684960714,0.0058847130051317,0.485509199386024,0.265537835759867,0.2285904813572256,0.6449242685887484,0.8722993529448773,0.5644517383055738,0.8143511545336302,0.8525110135654497,0.6709923533244151,0.1737442363482489,0.5468551669355433,0.0,0.7954125805365856,0.0,0.6956521739130435,0.0,0.12903225806451613,0.08333333333333333,0.6701245341488733,0.6869548019639153,0.5091440927531525,0.0146305960153988,0.4252049179576905
2016-01-04 17:00:00,0.6043708966635677,0.5937090325430421,0.407852837917906,0.5937090325430421,0.6681644944092963,0.2154574917214715,0.3151823980505397,0.5406249801898474,0.5056738962587399,0.7779231882042984,0.1689359285009626,0.0545634044619762,0.7350890609399212,0.1942344138666243,0.4241313452971763,0.4786232973895008,0.7108443967668747,0.2139357953740541,0.407852837917906,0.9139749681802845,0.5926708334788227,0.9251696173367984,0.892638345322021,0.3151227078631038,0.3027272077652427,0.7805669748511624,0.0592646476341366,0.8509635995698861,0.1521500658183413,0.7391304347826086,0.0,0.12903225806451613,0.08333333333333333,0.9838868792685217,0.5306398897720113,0.7221240603973597,0.0371451244814912,0.6083257285645182
2016-01-04 18:00:00,0.6115657882905907,0.1509825701007648,0.2785233748579557,0.1509825701007648,0.4311522039491129,0.0345257406670241,0.0091223780665887,0.3616674298791865,0.3878041072364415,0.3056860405913676,0.072317151623209,0.6821969465041127,0.5820980753133937,0.1721038812334661,0.0699967467873594,0.4527775635350782,0.3969842949572417,0.3739774282004945,0.2785233748579557,0.9246224478759428,0.5395381589208188,0.8983059899459986,0.8994379671116793,0.7042811096252066,0.2589517220716688,0.6955995676136038,0.2678125285640291,0.8350860288081284,0.347548266783677,0.782608695652174,0.0,0.12903225806451613,0.08333333333333333,1.4363989030509725,0.0436481187336128,0.5937090325430421,0.0763961223390311,0.4889385543470555
2016-01-04 19:00:00,0.618760679917159,0.0658540984470199,0.7767199760812185,0.0658540984470199,0.215921405525165,0.0282327798091185,0.0086814197302107,0.3006813074465919,0.4103786348858427,0.4813123277859942,0.0800605492723129,0.0053288666598924,0.5401528468830477,0.2287084929127016,0.00290991335866,0.2701040980862645,0.7581503008075187,0.2982529559218936,0.7767199760812185,1.0000000000000002,0.8518337465228067,0.6591861071976162,1.0,0.4551639769167579,0.126115745692489,0.6359816317672975,0.2208646902897535,1.0,0.423221076495539,0.8260869565217391,0.0,0.12903225806451613,0.08333333333333333,0.7741902064556416,0.0369141995393292,0.1509825701007648,0.1960242892477443,0.27018190036360895
2016-01-04 20:00:00,0.625955571544182,0.418216222018786,0.6448055769412006,0.418216222018786,0.4959073107588521,0.0198730562251648,0.3350120786396212,0.4294368774139574,0.483892837578587,0.9879468916428272,0.228974018885063,0.0037690127105278,0.3840195829190423,0.2624175780787299,0.1803974599588761,0.3712610645532818,0.4818502890041022,0.1213802031994799,0.6448055769412006,0.9779563824291329,0.6992155219572378,0.949678612666744,0.9695249743880152,0.5557065661363794,0.2344383913804725,0.7221886695110267,0.3225754852076415,0.940203016533842,0.4537260494368875,0.8695652173913043,0.0,0.12903225806451613,0.08333333333333333,0.6502061737083,0.35488513486478596,0.0658540984470199,0.1180143838906895,0.21168429685552356
2016-01-04 21:00:00,0.633150463171205,0.298127732355658,0.6284719074302191,0.298127732355658,0.4638222114532487,0.0460892785651153,0.1529281925370008,1.0,0.533458854062937,0.8241601948817919,0.0741631257750019,0.761336469303819,0.5179284752259935,0.228738105579026,0.0051805184700558,0.4082828593167167,0.6218938240665233,0.5466060269473202,0.6284719074302191,0.9504679287944954,0.6477006878731799,0.9673819574205726,0.9287801707703286,0.5404282420714352,0.3838658789233511,0.7383376462784469,0.0881333597391913,0.902200587970017,0.1684309638730437,0.9130434782608695,0.0,0.12903225806451613,0.08333333333333333,1.5080030501088386,0.1990174711021161,0.418216222018786,0.0532116712875853,0.2607326842738213
2016-01-04 22:00:00,0.6403453547982281,0.7843195111306628,0.4172591645518892,0.7843195111306628,0.4731358682699341,0.2441082668778281,0.4836612807066005,0.458258023403018,0.6251128361639384,0.6389960081056261,0.1457234083436207,0.0312051149740228,0.4744423851546378,0.2724464010739524,0.213237918212031,0.3461386199236888,0.5858204566973795,0.2983523655647975,0.4172591645518892,0.9125083326282944,0.6999778856338092,0.913805458582002,0.8905598630108934,0.4640357140696025,0.1475265263579001,0.5591327295210174,0.005792785107096,0.8780948678268627,0.0149828140997513,0.9565217391304348,0.0,0.12903225806451613,0.08333333333333333,0.7780939012026131,0.7277695475844286,0.298127732355658,0.049394913606837,0.500221155168369
2016-01-04 23:00:00,0.6475402464252511,1.0,0.6428167791433231,1.0,0.5701131397249463,0.3185075951253007,0.598694617467712,0.0714890044430139,1.0,1.0,0.0855782743659638,0.1713296549449638,0.5642876158946829,0.3159375370158328,0.010516891866498,0.6829212438604834,0.3655021463958595,1.0,0.6428167791433231,0.8372930556317412,0.6128007262823421,0.8943822792135276,0.8248276077274538,0.6112052742092615,0.3819390894614028,0.8531626444358914,0.4017549739496054,0.7829241775955527,0.3319164107064502,1.0,0.0,0.12903225806451613,0.08333333333333333,1.0515548078554795,0.9172022125930127,0.7843195111306628,0.049058976618528,0.694149081162107
2016-01-05 00:00:00,0.6547351380518194,0.7006951841107214,0.4600491564056274,0.7006951841107214,0.4656241384227709,0.2790640789457427,0.3672605298879068,0.5350198606782057,0.4963830508890938,0.9271712469545332,0.1146064226288219,0.8151574023309796,0.4574277580451104,0.2781024203419271,0.0,0.3867578991030241,0.6764818230102831,0.3390346334957227,0.4600491564056274,0.9257871176559368,0.6541895084791136,0.8711097530306682,0.9059646813358632,0.631151680917192,0.3335876940313434,0.6831111347686158,0.009045275890436,0.8762666309916025,0.019800351031154,0.0,0.16666666666666666,0.16129032258064516,0.08333333333333333,1.5506875807180172,0.6463246088336495,1.0,0.1065061430430751,0.8283382317471281
2016-01-05 01:00:00,0.6619300296788424,0.4513518632423786,0.707001297047214,0.4513518632423786,0.6035027686490108,0.2246110067359692,0.2053724799424052,0.5227496130211522,0.4011771802784204,0.3764010247350284,0.0674028002398576,0.0051803320542961,0.6154975079337462,0.2140650294152482,0.0191949393707149,0.2498921222133222,0.1381262579849626,0.2661953062670876,0.707001297047214,0.915863038707712,0.6101877393298185,0.9447063706892588,0.8920516075065991,0.7348367492249395,0.2164455527007338,0.631401857296111,0.0049206300843971,0.8560923308272994,0.0171950416849495,0.043478260869565216,0.16666666666666666,0.16129032258064516,0.08333333333333333,0.8347428694032906,0.4299834866783744,0.7006951841107214,0.06575134807925,0.7173490157843667
2016-01-05 02:00:00,0.6691249213058654,0.2906891267873437,0.6285483782034229,0.2906891267873437,0.6627123951360422,0.0418711840391163,0.1732641597643483,0.4456683526377862,0.5855701238094213,0.4408769145633162,0.1821935171522664,0.0817532432788188,0.5603170397752891,0.1571544201839931,0.0357365388142371,0.5742763828801387,0.5223519346760624,0.2554198219672665,0.6285483782034229,0.882023696739746,0.5825564207316365,0.9816605057287262,0.8603279524430658,0.5978466872810202,0.2468431388473643,0.7143639497842162,0.0,0.8149677464287559,0.0,0.08695652173913043,0.16666666666666666,0.16129032258064516,0.08333333333333333,0.799224703238101,0.2151353438034646,0.4513518632423786,0.0749742621034925,0.48091205804681453
2016-01-05 03:00:00,0.6763198129328885,0.0820578861125011,0.7785460167853486,0.0820578861125011,0.5276872890429353,0.0205324876520926,0.0140703678502794,0.5100463088589027,0.4044865587167451,0.4008485338280576,0.067266473274083,0.0057948911008605,0.46123620560339,0.2090950369171238,0.0351048414792775,0.2793257326615334,0.3962388463476931,0.2641079033384469,0.7785460167853486,0.8229531098097078,0.6509538275312219,0.9463247999610602,0.8100326618168522,0.5762127070764507,0.1601249859020654,0.3935842211721929,0.0485550409798604,0.783210511125738,0.1255759104870557,0.13043478260869565,0.16666666666666666,0.16129032258064516,0.08333333333333333,0.6761261336213743,0.034602855502372,0.2906891267873437,0.0520148307376944,0.27469962538074116
2016-01-05 04:00:00,0.6835147045599115,0.1613310065425926,0.6305036222589454,0.1613310065425926,0.2632358305222809,0.1108263736384612,0.0093634143635891,0.2284659786503262,0.566863127819025,0.5725951631602062,0.0162416439804309,0.0050250630486623,0.2487343369342189,0.1488826153906897,0.0018527604432498,0.1515664439648975,0.0843072373949385,0.1668381485171103,0.6305036222589454,0.8067193214397171,0.5324790204499692,0.9363377257620952,0.7959413372477434,0.7736870450268398,0.5059670494321653,0.0,0.0009242050313315,0.7344189837183664,0.0008318707035249,0.17391304347826086,0.16666666666666666,0.16129032258064516,0.08333333333333333,0.4026420153735709,0.12018978800205031,0.0820578861125011,0.1055877130326657,0.1780260064808125
2016-01-05 05:00:00,0.6907095961869345,0.526283106493542,0.749065042292316,0.526283106493542,0.2440960834193618,0.2848710358328047,0.3500044371248391,0.3350561754446456,0.3119741325696417,0.5266334342790404,0.0495105839555838,0.0047245121728721,0.3560182232394099,0.1777006751687919,0.0027914179911342,0.3486751873870814,0.6511365470117777,0.1223370405159976,0.749065042292316,0.9080450887000728,0.7935914894607587,0.8011779244624844,0.8876915090002837,0.5183472813052816,0.3736198014494254,0.1926903769459435,0.0991082944862537,0.9028890740965424,0.1603499341816586,0.21739130434782608,0.16666666666666666,0.16129032258064516,0.08333333333333333,0.5384434105810739,0.6348754729576438,0.1613310065425926,0.0610600550146761,0.25655733304954526
2016-01-05 06:00:00,0.6979044878135028,0.147502616483239,0.3619533004013129,0.147502616483239,0.2307321673988925,0.0591748400106834,0.0086841563898535,0.605784137889892,0.4117554089522892,0.3698529248517643,0.0865956818433855,0.0063245437496584,0.5926317362138855,0.1728590042247404,0.0035080564167516,0.2545074865326747,0.0818215271135927,0.2223491486458909,0.3619533004013129,0.9517849954118248,0.760879686208783,0.7748443089969523,0.9297413326544494,0.4367728245500402,0.3063322612685185,0.649202992310401,0.19715908513858,0.9317383802676048,0.2191933596606698,0.2608695652173913,0.16666666666666666,0.16129032258064516,0.08333333333333333,0.7718152841882844,0.0678589964005369,0.526283106493542,0.0907277723366243,0.2783722431731246
2016-01-05 07:00:00,0.7050993794405258,0.135752806623978,0.6617096970225479,0.135752806623978,0.4765649179952397,0.033125732940539,0.01280845216529,0.375998396586327,0.4627359271428203,0.416296896041589,0.1603584095621939,0.7521769117146863,0.547506054472439,0.2065137995025068,0.4415890197634937,0.2840394655134644,0.0953623167214921,0.240926935136485,0.6617096970225479,0.7949691533925691,0.5397127460223241,0.9158213967977544,0.7853854030835662,0.7266322556180143,0.2673080306139696,0.7319224816358618,0.0,0.719240955708225,0.0,0.30434782608695654,0.16666666666666666,0.16129032258064516,0.08333333333333333,1.506196765689632,0.045934185105829,0.147502616483239,0.0967532649708604,0.2698461765335864
2016-01-05 08:00:00,0.7122942710675488,0.1414982657629358,0.5350467921822893,0.1414982657629358,0.7122372941234871,0.025168809072217,0.0103783082536059,0.3552658776355083,0.3994973392813076,0.5021184352405276,0.0877792051305799,0.0064424595690396,0.4598619042243675,0.0913550756110079,0.3538757753601718,0.4951414695849049,0.3204147782127479,0.2259270197015212,0.5350467921822893,0.7706724721571676,0.5418834456510355,0.9267339637590823,0.7641017065566446,0.7947425323385175,0.2406587014173697,0.584855830255583,0.0063678742268669,0.7022380335634322,0.0218845985081175,0.34782608695652173,0.16666666666666666,0.16129032258064516,0.08333333333333333,0.557659439404415,0.0355471173258229,0.135752806623978,0.3536751812309359,0.14158456295671765
2016-01-05 09:00:00,0.7194891626945719,0.2254054360551055,0.4562294450002188,0.2254054360551055,0.2147678672015496,0.0526263198323437,0.0909037484850373,0.3438651086806243,0.5011197335328679,0.4828097666972781,0.0997214872915348,0.8493145778669504,0.5020354140557841,0.3143878074781854,0.1293531065173542,0.3083132283888168,0.4779306338430387,0.2268743932799818,0.4562294450002188,0.8299729327101721,0.8430112783267574,0.8054153157221551,0.8161260394471139,0.6701336907564155,0.3264183383062332,0.5352880119233824,0.3931121334917685,0.8395900056484293,0.4061905806640339,0.391304347826087,0.16666666666666666,0.16129032258064516,0.08333333333333333,1.66573779940092,0.143530068317381,0.1414982657629358,0.0871165171258626,0.1675521694806731
2016-01-05 10:00:00,0.7266840543215949,0.4818561223605593,0.4928135022914112,0.4818561223605593,0.6565152257327852,0.0409051593381345,0.3191312258457861,0.2468265413417699,0.5956278701749957,0.4397876746945388,0.1105726471033028,0.0047114853350638,0.5502382874186156,0.3324416630473406,0.6502205358119438,0.267547036322666,0.422626870779953,0.3787098821607412,0.4928135022914112,0.8505374022281705,0.8564835829928885,0.4763590344048045,0.8347355041141756,0.6842594665682356,0.0015554362352933,0.6263317582894532,0.1422234748077958,0.8552868134464869,0.1419665057773877,0.43478260869565216,0.16666666666666666,0.16129032258064516,0.08333333333333333,0.88739143580102,0.3600363851839206,0.2254054360551055,0.2522117610576309,0.2829199413928669
2016-01-05 11:00:00,0.7338789459486179,0.1173670124465193,0.7593940660588662,0.1173670124465193,0.4737209163574609,0.0446952175243034,0.0138213935614309,0.3074103258477377,0.483095233257001,0.4302875859405943,0.6724370195674783,0.0824928930738182,0.5270564416082154,0.3308820626209181,0.0261690818083835,0.463697843172062,0.6979690145555452,0.3812022002914868,0.7593940660588662,0.7830584921839869,0.6011674057520631,0.9394995443519928,0.7745598230633592,0.6464825494028474,0.2491444383253748,0.5768437840360977,0.0476143322872551,0.7298180685604057,0.1443341377797279,0.4782608695652174,0.16666666666666666,0.16129032258064516,0.08333333333333333,0.9404313973029518,0.058516611085734305,0.4818561223605593,0.477958831822966,0.27487619028739474
2016-01-05 12:00:00,0.7410738375751862,0.0681433558278396,0.7286977730757173,0.0681433558278396,0.4430369488236343,0.0158205415230859,0.0170536901437881,0.1548264093231096,0.3785578439920448,0.4297860264665348,0.0540719990075946,0.0060079250177447,0.2695903549127083,0.2641301772811621,0.2396229914531035,0.1905465093375248,0.0773629052774071,0.1232214281941373,0.7286977730757173,0.6316299984535634,0.6161993551916385,0.8026854838927755,0.6414218537962616,0.6887804046626371,0.213248585973581,0.729573223162153,0.2042391558250307,0.5924554071800546,0.2098416703232412,0.5217391304347826,0.16666666666666666,0.16129032258064516,0.08333333333333333,0.5397284572116151,0.032874231666874004,0.1173670124465193,0.6220424703606449,0.2224554968783061
2016-01-05 13:00:00,0.7482687292022092,0.064378451182109,0.2934238344917952,0.064378451182109,0.0024650078846021,0.0202799259722551,0.0165623992984696,0.1447408679282724,0.2210765721694545,0.4045714585516101,0.0,0.0363472269732114,0.1801305284604817,0.2626446085205509,0.008895455717846,0.2397302257562325,0.0470963442450291,0.0794089902366488,0.2934238344917952,0.7110439361554098,0.7114017016422827,0.9022648545306556,0.7128927674014132,0.7996418709444484,0.3906825351773957,0.1703299403011964,0.0009800635771812,0.7013014161993956,0.0011883867193213,0.5652173913043478,0.16666666666666666,0.16129032258064516,0.08333333333333333,0.47912236395424396,0.0368423252707247,0.0681433558278396,0.083747413036,0.08329627315215599
2016-01-05 14:00:00,0.7554636208292322,0.1114453805318718,0.4678576364344629,0.1114453805318718,0.4660071993682222,0.0209068092910926,0.0220112343569749,0.4238195217914622,0.5145577252166555,0.3477123217989622,0.071797593343827,0.0045188662051212,0.5350739438889069,0.2996653768705333,0.0157966008734013,0.3082078150714279,0.7049889908962653,0.2687926406399428,0.4678576364344629,0.6385376737068273,0.9411699663628852,0.5012783833554624,0.6448054570214802,0.9021076263032626,0.489997999743439,0.0018998796196965,0.1568089028365985,0.6884300352743074,0.4204969284774023,0.6086956521739131,0.16666666666666666,0.16129032258064516,0.08333333333333333,0.8392581869645614,0.0429180436480675,0.064378451182109,0.0443466007225592,0.08132239584727348
2016-01-05 15:00:00,0.7626585124562553,0.1318802375569746,0.466710992128914,0.1318802375569746,0.7539509735846026,0.0477186341133735,0.0179643019610015,0.2456260596162414,0.3827943811431854,0.2868331261558099,0.134389550642114,0.0071289025404609,0.4562727310111191,0.2230327318671769,0.0122713229273616,0.3893203396937097,0.2365713032167654,0.2459018292382653,0.466710992128914,0.7036025620643288,0.9131603757114424,0.8449201331519758,0.7047672439096571,0.7504211621898023,0.0471443539530034,0.2924494116105575,0.0353127570762621,0.7412941107455812,0.0864962702939886,0.6521739130434783,0.16666666666666666,0.16129032258064516,0.08333333333333333,0.6864343654187569,0.065682936074375,0.1114453805318718,0.5091440927531525,0.10256802309031848
2016-01-05 16:00:00,0.7698534040832783,0.2378079710372627,0.6357631219115916,0.2378079710372627,0.6975556704824725,0.0989835994366578,0.0167132529985915,0.4724633487796758,0.3480927540287271,0.1354391489730185,0.3524291023313435,0.2767688832402226,0.7313828519794137,0.1208887748252851,0.3599784519687541,0.7855187670600764,0.4431130933294895,0.6617724137512585,0.6357631219115916,0.666444618199049,0.7320960927406683,0.5936228207991823,0.6693405062247033,0.918195598371021,0.031783703677344,0.4648297069108121,0.0,0.6517943304638635,0.0,0.6956521739130435,0.16666666666666666,0.16129032258064516,0.08333333333333333,1.1290405100449215,0.1156968524352493,0.1318802375569746,0.7221240603973597,0.16037786304203638
2016-01-05 17:00:00,0.7770482957103013,0.0865745946085067,0.3268072559266651,0.0865745946085067,0.2614047413636145,0.0197059531793637,0.0248217933981081,0.3283924163464505,0.2230481505410765,0.1621243587119895,0.1242967777241372,0.6685797659110536,0.4219272745334216,0.2165278161645674,0.0157227148995765,0.2331524934231883,0.4526258180747969,0.2996171340547924,0.3268072559266651,0.639190028241838,0.8427144802541988,0.6498054369488622,0.6364706797372218,0.6503709373884305,0.3501493591860993,0.7087380131517529,0.1769255964169282,0.6666822781804996,0.4189337428696796,0.7391304347826086,0.16666666666666666,0.16129032258064516,0.08333333333333333,1.3070348566090426,0.0445277465774718,0.2378079710372627,0.5937090325430421,0.15208760106758135
2016-01-05 18:00:00,0.7842431873368696,0.1315648221498343,0.1660809416153667,0.1315648221498343,0.4762625271571776,0.0239556697392311,0.0967423610630874,0.5244834361741282,0.1609091579407914,0.1451845277599954,0.0996018216874521,0.0064496257682963,0.5310157194348133,0.2074169858254035,0.2277959011042989,0.3797372533422849,0.2417967052152489,0.274217900073098,0.1660809416153667,0.5787072332017157,0.6235087351746453,0.9505527267220656,0.5900076623271248,0.9721348162760606,0.1466087615829059,0.6416341830927093,0.0,0.5458618707214579,0.0,0.782608695652174,0.16666666666666666,0.16129032258064516,0.08333333333333333,0.7448823310285131,0.1206980308023185,0.0865745946085067,0.1509825701007648,0.15198246259853457
2016-01-05 19:00:00,0.7914380789638926,0.1844244189545452,0.1983840607437729,0.1844244189545452,0.697515631471395,0.042587681283673,0.0445382296813541,0.4487103869611482,0.3234749880393749,0.1277188792934105,0.0937740773764335,0.0348277644140322,0.5507798943196975,0.1406848422631972,0.1735793391777026,0.6020902487713866,0.8942176665353568,0.368758582912873,0.1983840607437729,0.5852724610624919,0.6186959507431591,0.9294577112678916,0.5899161663333278,0.8652658182911068,0.2818559511076456,0.6259417506735564,0.0170774808811431,0.5574125175762686,0.0515851250548486,0.8260869565217391,0.16666666666666666,0.16129032258064516,0.08333333333333333,0.726292500996927,0.08712591096502709,0.1315648221498343,0.0658540984470199,0.13418794523762875
2016-01-05 20:00:00,0.7986329705909156,0.1110296544129202,0.4718685076583186,0.1110296544129202,0.5478415942760421,0.0200323360933923,0.0122451752511364,0.6871934531737177,0.2624964305743834,0.1264989828977063,0.0806109071271861,0.0322177289256131,0.4957084698037414,0.0715688790618707,0.058311789719658,0.227003455747733,0.3452839777551735,0.2679262661136892,0.4718685076583186,0.6976678402850155,0.8726387094521457,0.6507234933194157,0.6977188915554577,0.5639491821829026,0.0868079779529827,0.5745999606921458,0.0211297644800585,0.724309408155756,0.0640906099166301,0.8695652173913043,0.16666666666666666,0.16129032258064516,0.08333333333333333,0.5994950777912252,0.0322775113445287,0.1844244189545452,0.418216222018786,0.14233963183909992
